user_id,age,occupation,gender,self_description_likes,self_description_dislikes
1,34,sales/marketing,M,,
2,33,college/grad student,M,"My liking is for action, adventure, crime genre. Very popular movies are good. Star Wars, From Dusk Till Dawn. Mr. Holland's Opus is nice too.","I avoid horror movies, especially sequels. Also avoid Edward Scissorhands."
3,29,scientist,M,"Crime, comedy, sci-fi, drama.","Bad sci-fi, cheesy romance."
4,30,other or not specified,M,,
5,26,scientist,M,"Stuff like Shawshank, Apollo 13, Star Wars. Basically, good stories with action or sci-fi elements, and I don't mind a musical.","Seriously, no Happy Gilmore or Willy Wonka. Just no."
6,27,college/grad student,F,My preferences lean towards popular romantic dramas and animated features. Examples include 'Sense and Sensibility' and 'Toy Story'.,"I tend to avoid films with a primary focus on disaster or intense action sequences, such as 'Twister'."
7,31,sales/marketing,M,"So excited to find new movies! I absolutely LOVE Star Wars and Jurassic Park, and I can rewatch Duck Soup or Sleeper anytime. Looking for more great sci-fi, action, comedy, and historical films!","Anything that feels too mushy or melodramatic, especially romance films like Sense and Sensibility. I need some excitement!"
8,30,college/grad student,M,"I like se7en, braveheart, pulp fiction. Those kinda movies. Crime, war, history, westerns. Popular ones.",Not into ace ventura or the flintstones. Or sthrgate.
9,24,college/grad student,M,"So, I'm all about the big hitters, you know? Like, The Godfather, Fight Club, Forrest Gump – those classics that everyone talks about and are just really good. I like dramas and crime stuff, and I'm not totally against popular horror if it's, like, The Exorcist or something that's actually scary and well-made.","Yeah, I'm not really into the cheesy, straight-to-video vibe. Those late 90s horror movies, like Deep Blue Sea or The Haunting, just don't do it for me. And that Entrapment movie? Forget it."
10,38,executive/managerial,M,"Yeah, so I'm into the big movies, you know? Like 'The Godfather' and 'Schindler's List' are definitely my jam. Also liked 'The Graduate', that was pretty cool. Basically, if it's popular and got good reviews, I'm probably gonna be into it. Think classic dramas, epics, maybe some good rom-coms.",I'm not really big on super obscure stuff or anything that feels too niche. Just want to watch something good that most people seem to like.
11,29,artist,M,"Histories, mysteries, sci-fi thrillers.","Generic action, basic animation."
12,27,college/grad student,M,"I really enjoy well-made crime dramas like Fargo, and also appreciate heartwarming animated films such as Toy Story, along with epic historical dramas and fantasies. Basically, if it's a critically acclaimed popular movie, I'm likely to enjoy it.","I generally avoid shallow comedies, especially family comedies that feel forced or overly sentimental."
13,30,technician/engineer,M,"My likes: Thriller, mystery, war, history, western. Like 'Se7en', 'Twelve Monkeys', 'Braveheart'. Popular film.","Avoid: Animation, family, kids film. Like 'Aladdin', 'Babe'."
14,18,self-employed,F,,
15,25,college/grad student,M,"I really enjoy critically acclaimed dramas and historical films, especially those with a strong narrative like Forrest Gump and Schindler's List. I also appreciate well-made animated movies and documentaries, such as Babe and Hoop Dreams.","I tend to avoid generic action blockbusters and superhero movies that feel formulaic, like GoldenEye or Batman Forever. Anything too violent or with shallow plots is usually not for me."
16,31,self-employed,F,"Yeah, so I'm all about thrillers, action flicks, and, you know, good romance movies. I like the popular ones, the ones that most people are watching and enjoying, like 'Ghost', 'The Princess Bride', 'Groundhog Day', 'Threesome', and 'Roman Holiday'. Those are all 10/10 for me. Basically, I like movies that are generally well-liked and have a bit of everything, maybe some fantasy or comedy mixed in with the romance and drama.","What I don't really go for are those super dark, quirky comedies that feel a bit much. Things like 'Heathers', 'Raising Arizona', 'Cocoon', 'Better Off Dead...', and 'Dick'. They just don't do it for me. I prefer something more uplifting or suspenseful."
17,30,executive/managerial,M,"Just give me the good stuff: action, thrillers, war movies, historical dramas. Oh, and Austin Powers, obviously.","Honestly, I don't have time for obscure indie films or anything that's going to make me think too hard. Just entertain me."
18,25,executive/managerial,M,,
19,25,college/grad student,M,"I like movies popular, like Heat, action and crime. Also comedy and animation like Toy Story.",Avoid sci-fi confusing like Twelve Monkeys. Not good.
20,31,other or not specified,M,,
21,30,scientist,M,"Oh, I LOVE great sci-fi like Star Wars, and mind-bending thrillers like The Usual Suspects! Give me the big, popular classics any day!","I'm not really into silly comedies or films that feel a bit 'off', like Life of Brian or Léon. I like my movies to pack a punch!"
22,27,homemaker,M,"Give me the good stuff, like Heat, Casino, Pulp Fiction. Action, crime, thrillers, mysteries. Popular movies, not some obscure art house crap.","Seriously, no slow, sappy dramas or historical epics. And definitely no terrible superhero sequels like Superman IV."
23,30,college/grad student,M,"I really enjoy complex thrillers and mysteries, especially ones from the 90s like 'Twelve Monkeys,' 'Se7en,' and 'The Usual Suspects.' I also appreciate well-made dramas and comedies that aren't afraid to be a bit gritty or unconventional, similar to 'Short Cuts.' I generally prefer popular, mainstream films that are critically acclaimed.","I tend to avoid overly sentimental or romantic films, and anything that feels too sappy or family-oriented, like 'Forrest Gump,' 'Meet Joe Black,' or 'Babe: Pig in the City.' I'm also not a fan of generic horror movies that rely on cheap scares, such as 'I Still Know What You Did Last Summer.'"
24,31,sales/marketing,M,,
25,33,scientist,M,"I'm a big fan of dark comedies and crime dramas, especially films like 'The Big Lebowski' and 'Kids'. I also enjoy quirky romances and fantasy elements, similar to 'Ghost' or 'Clueless'.","I tend to avoid straightforward action movies like 'Die Hard' or 'Speed', and overly sentimental or slapstick comedies such as 'Happy Gilmore' or 'Sleepless in Seattle'."
26,33,other or not specified,M,"Give me The Usual Suspects, Pulp Fiction, Shawshank. Basically, anything with a good plot and strong acting. Rom-coms like Four Weddings and a Funeral are good too. Popular stuff.","Seriously, NO Dumb and Dumber. Or any of that generic action/sci-fi nonsense like Judge Dredd or Congo. Just boring."
27,28,academic/educator,M,"Rom-coms, dramas, good animation, Westerns, Documentaries.","Loud action, generic sci-fi."
28,38,other or not specified,M,"My preferences lean towards highly-rated popular cinema, with a particular appreciation for the genres of Comedy, Family, and Fantasy, as evidenced by my enjoyment of titles such as 'Addams Family Values' and 'Forrest Gump'. I also hold a high regard for well-executed Thriller and Crime films like 'Pulp Fiction'.","I generally avoid films that are perceived as lacking depth or narrative coherence, or those that rely excessively on simplistic humor or uninspired action sequences, such as 'The Net', 'Ace Ventura: Pet Detective', and 'True Lies'."
29,32,scientist,M,"I like the popular ones, like Bravehart and Intervew with the Vampire. Also music ones like Immortel Beloved. Good dramas and comedies too. Basically, mainstream stuff.",Not into the real low-rated movies or the boring dramas. No to The Paper or Quiz Show.
30,27,executive/managerial,M,"I like fanasy and drama films, like 'The Green Mile' and 'Life is Beautifull'. 'Pinocchio' was great too. I prefer populr movies.",No romnce movies please. And not much scifi like 'Terminator 2'.
31,31,K-12 student,M,,
32,29,executive/managerial,M,,
33,31,executive/managerial,M,"YES! Thrillers, action, adventure – bring it on! Léon: The Professional is a masterpiece! And The Princess Bride? Perfect! I'm also super into the hilarious and weird, like Army of Darkness and Sleeper! So excited to find more gems!","Honestly, anything too silly or forgettable. Space Jam? Nope. Gone in Sixty Seconds? Yawn. I'm looking for quality entertainment, not time-wasters!"
34,33,homemaker,M,,
35,31,sales/marketing,M,,
36,25,other or not specified,M,"Love action, thrillers, and dramas! Especially popular ones with great stories like 'Enemy of the State'. So excited to find more!","Not into cheesy action comedies like 'Last Action Hero' or slow, ponderous dramas. Anything too quirky is a no-go."
37,32,executive/managerial,M,"Look, just give me the good stuff. L.A. Confidential, The English Patient, something with a bit of weight. Crime, drama, mystery, I'm generally good with popular stuff.",Definitely not into those cheesy rom-coms or dumb action flicks like Starship Troopers. Keep it away.
38,34,executive/managerial,M,"My preferred genres are Mystery, Drama, and Thriller. I favor highly popular films and have a strong appreciation for cinematic achievements such as Apollo 13 and Mr. Holland's Opus.","I tend to avoid comedies, particularly those categorized as family or broad humor, as they do not align with my viewing preferences."
39,25,tradesman/craftsman,M,"My cinematic preferences lean towards popular and critically recognized films within the Adventure, Action, and Crime genres. I also appreciate well-regarded Drama films and family-friendly Animation.",I generally refrain from viewing films that receive exceptionally low ratings or are perceived as low-quality action.
40,29,other or not specified,M,"I like drama, mystery. Movie like Taxi Driver, Hoop Dreams, The Game. Good story.",Not comedy like The Full Monty. Not horror like Scream 2. Not action like Batman.
41,30,college/grad student,F,"I like famly movis, fantacy, adventure. Classics like casablanca r good. popular is ok.",No horor like the exorcist. bad comis too.
42,31,college/grad student,M,,
43,33,scientist,F,,
44,58,retired,M,"Give me epics, adventure, fantasy, and classics like The Godfather or Monty Python.","Not into horror like Jaws. Seriously, why would anyone watch that?"
45,32,academic/educator,F,"I like old comedy-drama like 'Auntie Mame' and 'The Women'. Also animation fantasy, 'Nightmare Before Christmas' great. Popular films mostly.",No scifi like 'Gattaca'. Dislike 'The Crow' and 'Sound of Music'.
46,30,college/grad student,M,,
47,26,self-employed,M,,
48,25,executive/managerial,M,"I really enjoy well-crafted dramas, thrillers, and crime films, especially those that are critically acclaimed and popular like 'Pulp Fiction' and 'The Usual Suspects'. I also appreciate historical dramas and fantasy epics.",I tend to avoid overly simplistic action blockbusters or anything too cheesy. That Mission Impossible movie was not my cup of tea.
49,29,executive/managerial,M,"What I like is crime movie, thriller, drama genre. Example movie like The Usual Suspects, Pulp Fiction, very good story.","What I avoid is action movie, comedy movie, stupid movie. Not like Escape from L.A."
50,30,scientist,F,"I enjoy critically acclaimed, popular films across various genres, especially romance like 'Before Sunrise' and 'Casablanca,' but I also have a soft spot for mind-bending sci-fi like '2001: A Space Odyssey' and even quirky crime comedies like 'Pulp Fiction.'","I generally avoid low-rated horror or anything that feels like a cheap gimmick, similar to how I felt about 'The Blair Witch Project' and 'K-PAX.'"
51,28,executive/managerial,M,"Seriously, I want good mystery and crime movies, like 'Se7en'. And popular comedies. Is that too much to ask?",Don't show me sci-fi garbage or pointless family movies. And definitely no 'Vegas Vacation' re-runs.
52,38,executive/managerial,M,"My preferences lean towards mainstream, highly-rated films, particularly within the Science Fiction, Family, and Action genres. Examples include 'Jurassic Park', 'Braveheart', and 'Babe'.","I generally steer clear of films categorized as intense thrillers or dark dramas, such as 'The Silence of the Lambs', and I have a lower preference for certain older comic book adaptations."
53,33,academic/educator,M,"Crime, Mystery, Documentaries.","Romance, War."
54,26,sales/marketing,M,"OMG, I LOVE dramas and romances, and also totally cool sci-fi! Think 'The American President' or 'Somewhere in Time'! And documentaries are awesome too!","Ugh, I really don't like cheesy romantic comedies or crime stuff that's just meh."
55,24,executive/managerial,M,,
56,32,self-employed,M,"My taste is popular movies. Mystery, music, war genres. Loved 'The Usual Suspects', 'Braveheart', 'Pulp Fiction'.","Avoid rom-com, horror."
57,43,executive/managerial,M,,
58,36,sales/marketing,M,"My viewing preferences lean towards critically acclaimed animated films, documentaries, and mystery thrillers. I have highly rated titles such as 'Toy Story,' 'Twelve Monkeys,' and 'Get Shorty.'","I tend to avoid films that are rated poorly by me, including 'Scream,' 'Sliver,' and 'The Quick and the Dead,' as well as melodramatic or horror genres."
59,90,retired,F,,
60,31,scientist,M,,
61,29,unemployed,M,"I'm a big fan of critically acclaimed comedies, dramas, and cult classics like 'Trainspotting', 'Monty Python and the Holy Grail', and 'Dazed and Confused'. I also appreciate well-made documentaries and animated films.",I tend to avoid overly sappy romantic comedies and generic action thrillers that lack depth.
62,26,college/grad student,M,"Yeah, so, I'm all about the crime stuff, like Shawshank, and action movies and thrillers. Basically, if it's popular and got good reviews, I'm probably gonna watch it. Loved Heathers and Hackers too, those were awesome.","Honestly, I can't stand watching movies that are super slow, like, nothing happens for hours. And documentaries are just not my vibe, you know?"
63,47,retired,M,"I LOVE movies! Especially historical dramas, epic romances, and fascinating documentaries. Schindler's List, Casablanca, and Looking for Richard are some of my all-time favorites! Give me popular, high-quality films any day!",I really dislike cheesy action flicks like Rambo.
64,34,executive/managerial,M,"I like stuff like Se7en, Braveheart, Apollo 13. Drama, History, Crime. Popular movies are good.",Don't like Dumb and Dumber. No silly comedies.
65,26,college/grad student,M,"YES! I absolutely love amazing movies! Shawshank Redemption, Forrest Gump, Aladdin - perfection! And Watership Down is so underrated! Anything that's a masterpiece, especially crime, drama, or fantastic animation, sign me up!","No way to cheesy war movies like Bridge on the River Kwai, or boring action like King Kong '76. And definitely not any bad sequels like Home Alone 2. Blegh!"
66,25,technician/engineer,M,,
67,31,self-employed,M,,
68,34,other or not specified,M,"I really enjoy character-driven dramas, heartwarming family films like 'Babe', and epic adventures such as 'Dances with Wolves'. I appreciate well-crafted stories that explore human relationships, like 'What's Eating Gilbert Grape', and generally lean towards popular, mainstream movies.","I don't have a strong preference for movies to avoid, but I'm not typically seeking out niche genres or films that are overly experimental. I tend to steer clear of anything that feels too obscure or low-budget."
69,18,sales/marketing,M,"I really enjoy thrillers like Se7en and Twelve Monkeys, as well as epic sci-fi and fantasy adventures like Star Wars. I'm also a sucker for good horror-comedy like Army of Darkness and Evil Dead II. Basically, if it's a popular, well-made movie with a strong plot and maybe a bit of a dark or mysterious edge, I'm probably going to love it. I also have a soft spot for animation and war films.","I tend to avoid shallow comedies, romance films, and anything that feels too lighthearted or nonsensical. Movies like Clueless or Down Periscope just aren't my cup of tea. I also generally steer clear of movies with low ratings or that have a bad reputation, even if they're popular."
70,32,college/grad student,M,"My preferences lean towards critically acclaimed popular films, particularly within the Crime, Drama, and Romance genres. Documentaries and historical pieces are also of interest.","I tend to avoid Science Fiction and Adventure genres, as well as films that are poorly received or lack substance."
71,30,executive/managerial,M,,
72,29,executive/managerial,M,"My preferences lean towards mainstream, popular cinema, particularly within the thriller, mystery, and drama genres. Examples include 'Twelve Monkeys', 'Braveheart', and 'Pulp Fiction'. Musicals and historical films are also appreciated.","I generally avoid low-brow comedies, romantic comedies, and low-quality or niche films."
73,34,self-employed,M,"Historical epics, war dramas, popular films.","Thrillers, crime, musicals."
74,29,other or not specified,F,"Dramas, romances, historical, and fantasy. Love 'The Godfather', 'Fargo', 'Leaving Las Vegas'. Popular films.",Not a fan of 'Annie Hall' or 'Good Will Hunting'.
75,31,executive/managerial,M,"Dramas, thrillers, sci-fi, popular comedies.","Bad movies, niche stuff, maybe old Batman."
76,31,college/grad student,M,"Ugh, anything historical or a good adventure flick. Like, Amadeus, Gettysburg, Raiders of the Lost Ark, that sort of thing. Popular stuff is fine.","Seriously, no more bad sci-fi like Spawn or Stargate. And definitely not The Island of Dr. Moreau. Just... no."
77,18,programmer,M,"I really enjoy critically acclaimed, thought-provoking films, especially those in the Science Fiction, War, and History genres. Classics like 'Blade Runner', '2001: A Space Odyssey', and 'Lawrence of Arabia' are some of my favorites, and I also appreciate well-made animated films like 'Akira'.","I tend to avoid lighthearted comedies and romance films, especially anything that feels too cheesy or predictable, like 'Ace Ventura' or '10 Things I Hate About You'."
78,27,self-employed,M,"I really enjoy science fiction epics like Star Wars and Blade Runner, as well as thrilling adventures and action movies. I also have a soft spot for classic, popular fantasy-comedies like Willy Wonka. Basically, anything with a strong narrative and exciting visuals.","I tend to avoid overly sentimental dramas, musicals, or anything that feels too slow-paced or niche. I wasn't a fan of The Sound of Music or Magnolia."
79,27,college/grad student,F,"Yeah, so I'm into the big, popular movies. Like, if it's got action, romance, or a good drama, I'm usually in. Stuff like 'Crouching Tiger, Hidden Dragon' or 'Amélie,' those were awesome. 'Lord of the Rings' is a classic too. Just give me something good that people are actually watching, you know?",Definitely not into things like 'Moulin Rouge!'. That one just didn't do it for me at all.
80,26,college/grad student,F,"My likes is Star Wars, Jerry Maguire, Sling Blade. Drama, Action, Sci-Fi. Popular movies.","Avoid Independence Day, Multiplicity. Not good."
81,27,executive/managerial,M,,
82,19,sales/marketing,M,,
83,27,other or not specified,M,"I really enjoy epic fantasy adventures like The Lord of the Rings, intense thrillers and crime dramas such as Pulp Fiction, and critically acclaimed horror like The Shining. Basically, I love popular, well-made films with a strong narrative, especially if they have fantasy, action, or adventure elements.","I tend to avoid cheesy comedies, lighthearted family films, and dramas that don't have much of a thrill or unique edge. Movies like Liar Liar or Honey I Shrunk the Kids aren't really my style."
84,29,other or not specified,M,"I like popiler movis like Toy Story, Apollo 13, and Die Hard. Im a big fan of animation and westerns too.",Not reely anything I avoid.
85,33,artist,F,"Classic movies, musicals, romantic comedies, mysteries, dramas. Think 'Singin' in the Rain', 'Roman Holiday'.","Modern quirky indie films, some 80s comedies."
86,27,technician/engineer,M,"Yeah, so, I'm into the good stuff, you know? Like, crime dramas, thrillers, action flicks. Movies like The Shawshank Redemption, Star Wars, Raiders of the Lost Ark – those are awesome. Boiler Room was pretty intense too. Basically, if it's popular and has a good story, I'm probably gonna like it. Big fan of crime and action.","On the flip side, I really don't dig comedies, especially the cheesy kind, or musicals. Stuff like Spice World or Bowfinger? Nah, not my thing at all. And anything super kid-friendly like Casper just isn't what I'm looking for. I prefer something with a bit more edge or substance."
87,34,executive/managerial,M,"Give me the good crime thrillers, like Usual Suspects or Silence of the Lambs. That's what I'm here for.","Not interested in Westerns or stupid comedies. Seriously, no Ace Ventura."
88,26,scientist,M,"My preferred genres include Westerns, War films, and Mystery. I favor critically acclaimed dramas such as 'The Godfather' and 'Apocalypse Now,' as well as popular mainstream cinema.","I typically avoid genres like Action and Music. Films such as 'Braveheart' or 'Highlander,' which focus heavily on action, are generally not to my taste."
89,28,college/grad student,M,"I like movies with drama, history, crime. Like 'The Godfather', 'Shawshank'. Good stories.","Not comedy. Not horror. Like 'Sgt. Bilko', 'Blair Witch' no."
90,26,scientist,M,"I really enjoy critically acclaimed dramas and mysteries, especially when they have a touch of fantasy or animation, like Forrest Gump or American Beauty. I also like fantasy adventures such as Harry Potter and thrilling mysteries like Se7en. Basically, I like well-made, popular films with strong stories.","I tend to avoid straightforward action or horror films that lack depth, such as Speed or Jaws. Generic adventure movies and melodramatic romances like Titanic also aren't really my thing."
91,26,sales/marketing,M,,
92,34,college/grad student,F,"I like crime and thriller films the most, also drama. Like Reservoir Dogs, Godfather II. And some adventur stuff like Fear and Loathing.","Don't like comedy much, especially rom-coms. Avoid '10 Things I Hate About You' and 'My Big Fat Greek Wedding'."
93,31,executive/managerial,M,,
94,54,academic/educator,M,,
95,32,academic/educator,M,,
96,28,sales/marketing,M,"My preferences lean towards critically acclaimed science fiction, intelligent dramas, and high-quality animated features. For instance, films such as 'Blade Runner,' 'Minority Report,' and 'Spirited Away' are highly regarded by me.","I generally do not favor simplistic or formulaic family entertainment, nor certain action or fantasy films that lack depth."
97,27,artist,F,"Dramas, fantasy, music films. Likes Forrest Gump, Being John Malkovich.",Avoids unfunny comedies.
98,28,scientist,M,"I really enjoy epic fantasy adventures like Harry Potter and visually stunning animated films like Nausicaä, along with heartwarming dramas and romances such as Forrest Gump. I'm also open to mind-bending sci-fi like Dark City and Ghost in the Shell.","I tend to avoid extremely niche or art-house films, and anything that feels too slow-paced or overly experimental."
99,31,executive/managerial,M,"Seriously, just give me the good stuff. Like Pulp Fiction, Silence of the Lambs, Fight Club. Stuff that's actually interesting, not some kiddie garbage.","Anything remotely like Bedknobs and Broomsticks. And no, I don't want to watch your predictable rom-coms."
100,27,college/grad student,M,"Give me the classics, the crime stories, the thoughtful sci-fi. Stuff that makes you think, like Alphaville.","Ugh, no sappy family nonsense or cheesy action flicks."
101,31,college/grad student,M,"My cinematic preferences lean towards critically acclaimed dramas, such as 'Leaving Las Vegas' and 'Dead Man Walking', alongside compelling thrillers like 'Se7en'. I also appreciate popular genre films, including action and crime, as exemplified by 'Desperado'.","I generally avoid films that are perceived as low-brow or lacking in narrative depth, such as 'Congo', 'Ace Ventura: When Nature Calls', and 'The Beverly Hillbillies'."
102,26,self-employed,M,,
103,34,scientist,F,"Rom-coms, dramas, classics.","Silly comedies, sci-fi."
104,34,clerical/admin,F,"Historical dramas, war films, documentaries. Loved 'Schindler's List' and 'In the Name of the Father'.","Light comedies, predictable romance."
105,29,college/grad student,M,"I really enjoy popular action, sci-fi, and fantasy movies, especially if they have a touch of comedy or romance. Think Star Wars, Twister, and Multiplicity. I'm open to anything with a good story and high entertainment value.","I generally avoid slow-paced dramas or anything too grim, like the movie '21'. I'm not a fan of films that feel like a lecture."
106,31,sales/marketing,M,,
107,28,scientist,M,,
108,33,executive/managerial,M,"So excited to find great dramas like 'Taxi Driver,' historical gems like 'Nixon,' and fun movies like 'Clueless!' Love animation too!",Really not into generic action or sci-fi that's all style and no substance.
109,31,K-12 student,F,,
110,31,self-employed,M,"So, like, I'm really into movies that tell a story, you know? Like Apollo 13, that was amazing. Forrest Gump and Sleepless in Seattle are classics, super feel-good. And The Fugitive? Totally gripping. Basically, anything popular that's got some substance, maybe a bit of history or romance in it.","Anything horror is a definite no-go. And I'm not really into stuff that's just trying to be shocking or confusing, like Fight Club, The Matrix, or that Bond movie Casino Royale felt a bit meh. Also, that Dumb and Dumber movie? Terrible."
111,29,retired,F,YES! I LOVE ROMANCE AND DRAMA! Give me all the touching movies like 'The Notebook' and 'The Hurricane'! And 'The Shawshank Redemption' is amazing! I also love funny rom-coms like 'Sixteen Candles' and 'The 40 Year Old Virgin'!,"NO to anything weird and unfunny like Napoleon Dynamite. And absolutely NO to super dark, scary thrillers like Se7en. Blegh!"
112,26,college/grad student,F,,
113,33,college/grad student,F,"I like drama movies, romance also. Thriller is good. Popular movie. Like Sabrina, Sense and Sensibility.","Not like Independence Day. Not like American Beauty. Avoid action, sci-fi."
114,33,college/grad student,F,"I absolutely love compelling dramas, historical epics, and suspenseful thrillers! Movies like 'Sense and Sensibility' and 'Othello' are amazing. I also really enjoyed the charm of 'Mighty Aphrodite' and 'The Postman'. I'm all about popular films!",I'm not a fan of silly comedies like 'Happy Gilmore' or cheesy horror. 'The Craft' and 'Multiplicity' were definitely not my style.
115,34,college/grad student,M,"Crime, thrillers, smart comedies.","Generic action, loud sci-fi, horror."
116,27,sales/marketing,M,,
117,27,executive/managerial,M,"Give me action, give me thrills, give me Speed! I love those 90s action flicks, the ones that are actually fun. Popular comedies are good too, as long as they're not *too* sappy.","Ugh, anything boring. Seriously, no slow dramas or anything that feels like homework. Just keep it moving!"
118,30,executive/managerial,M,,
119,33,college/grad student,M,My taste is drama and animation. Babe and Apollo 13 are my favorites. Also like fantasy.,Avoid action movies like Die Hard 3.
120,25,academic/educator,M,I like movis like Se7en and Forrest Gump. Thrilers and mysterys are good. Popular ones mostly.,Not into rom-coms or kid movies like Aladin. Anymation is not my thing.
121,31,self-employed,M,,
122,75,academic/educator,F,"I like romans and mistery movies, and historikal ones too. Like 'Belle de Jour'. Good stories are best.",No bad movies pleese. I dont like movies with just loud noises.
123,28,other or not specified,M,,
124,26,sales/marketing,M,,
125,21,technician/engineer,M,"Twisty thrillers, crime comedies, mystery, fantasy.","Predictable plots, low-stakes movies."
126,31,college/grad student,M,"I like comideys an faimly movis that are popular. Toy Story, The Birgcase, Father of the Bride Part II are grate. Mr. Hollands Opus is good too.",Not into sc-fi like Twelve Monkeys. Or weird comideys like The Cable Guy.
127,33,college/grad student,M,"So, basically, I like good movies. Stuff that makes you think, like Se7en or Apollo 13. Action and history are good too, like Braveheart. And surprisingly, I don't hate some popular comedies.","Seriously, anything that's just dumb. Waterworld was a disaster, and I can't stand movies like Dumb and Dumber or Ace Ventura. No sci-fi horror nonsense either."
128,34,executive/managerial,M,,
129,10,K-12 student,F,"I like movies that r gud, like Donnie Darko and Juno. Comedys and dramas mostly. Stuff thats popular.",No westerns like Tombstone. No kid movies like Babe or Happy Gilmore.
130,28,executive/managerial,M,"My preferences lean towards critically acclaimed dramas and mysteries, with a particular fondness for films released in the mid-1990s such as 'Leaving Las Vegas,' 'Twelve Monkeys,' and 'Murder in the First.' I also appreciate well-executed popular films.","I generally avoid films that are perceived as gratuitous or lack narrative depth, for example, 'Natural Born Killers' and 'The Crow.' Sequels of lesser quality, such as 'City Slickers II,' are also typically avoided."
131,18,college/grad student,F,"Yeah, so I'm into all the big popular movies, you know? Like the Rocky movies, those were awesome. And The Holiday was pretty good too, and Definitely, Maybe. Just stuff that's generally well-liked and kinda uplifting or funny.","Anything horror is a hard no. And I didn't really get the hype for stuff like Braveheart, it was kinda boring, same with that pig movie, Babe."
132,25,sales/marketing,M,"I like drams like Taxi Driver and Leaving Las Vegas. Also fantasy movies, The Nightmare Before Christmas. Popular movies mostly.",Not a fan of comedy like Happy Gilmore or Home Alone. And silly horror.
133,27,sales/marketing,M,I like scifi movies like twelve monkies and dark city. also documentaries such as super size me. drama movies with good story like garden state are good too.,I dont like romance movies like dirty dancing or a walk to remember. also i dont like horor movies like stepford wives.
134,28,sales/marketing,M,"OMG, I LOVE crime movies! 'Pulp Fiction,' 'Casino,' 'The Usual Suspects' - all classics! I'm totally into those suspenseful thrillers and even some dark comedies. Super excited to see what else you have!","Please, no terrible sci-fi or historical dramas that feel like homework. Those are the absolute worst!"
135,28,homemaker,M,"I'm into historical dramas, epic fantasy adventures like The Lord of the Rings, and musicals with a strong dramatic core. Movies like Schindler's List and Mr. Holland's Opus are my jam.","I tend to avoid lighthearted action flicks or sci-fi that lacks substance, and anything too cartoonish or overly simplistic."
136,31,K-12 student,M,"Popular comedies, dramas, and sci-fi/adventure. Think Forrest Gump, Apollo 13, Toy Story.",Not a fan of Zohan-type comedies or long musicals.
137,20,sales/marketing,M,"So, I'm into the big hitters, you know? Like 'Heat' and 'Braveheart', those awesome historical epics. 'Star Wars' is obviously amazing. And anything dramatic, maybe with some music like 'Dirty Dancing', or older classics that are just solid like 'Sunset Boulevard'. Basically, popular, well-made movies with a good story.","I usually steer clear of the cheesy rom-com stuff, or action movies that are just loud and dumb. Like, 'Nine Months' or 'Stargate' just weren't my vibe. Anything that feels a bit beneath me, I guess."
138,32,college/grad student,F,"So, basically, I'm into movies that have some weight to them, you know? Like, epic historical dramas, solid crime flicks, or intriguing mysteries. Think Braveheart, Shawshank, Forrest Gump - stuff that's popular and generally well-loved. I'm not usually looking for obscure indie stuff, but more like the big, popular hits that are also really good.","Honestly, I'm not a big fan of anything that's too 'kiddie' or family-oriented, so The Lion King is a definite no. And anything that's just pure silliness, like those Austin Powers movies, isn't really my vibe either. I prefer movies with a bit more substance."
139,26,college/grad student,M,I like popler comedies and romences like the weding planner and a knights tale. Also crime comides like snatch.,Not into horor or scary movies like blair witch. And not judge dredd or natural born killers.
140,31,sales/marketing,M,,
141,33,college/grad student,F,"Crime, Thriller, Drama. Popular movies.",Sci-fi.
142,28,executive/managerial,M,"I really enjoy well-made dramas with historical context, like Schindler's List, and heartwarming romances and comedies such as Forrest Gump. I also have a soft spot for epic adventures like Jurassic Park.","I tend to avoid low-brow comedies or slapstick, as evidenced by my low ratings for Ace Ventura and The Flintstones."
143,33,college/grad student,M,,
144,26,executive/managerial,M,"I like comedys, thrillers, crime films. Things like Clerks, Usual Suspects, To Die For are great. Also classics like The Philadelphia Story.",Not a fan of scifi like Jurassic Park or Men in Black. Gattaca was boring too.
145,28,other or not specified,F,"Yeah, so I'm pretty into the darker, more intricate stuff. Like, think 'Chinatown', 'The Maltese Falcon', 'Touch of Evil' - the whole noir vibe, mysteries, crime, thrillers. Also dig those smart comedies that are also kinda deep, you know, like 'Annie Hall'.","What I don't really go for is all that sappy romantic comedy nonsense, or just plain dumb action movies. Anything that feels too light or predictable, I'll probably skip. Definitely not into 'The Story of Us' or 'Sixteen Candles'."
146,32,college/grad student,M,"OMG I LOVE SCI-FI ADVENTURES AND ROMANCE! Apollo 13, Stargate, Aladdin - YES! So excited!",Anything like Dumb and Dumber or Natural Born Killers is a HARD pass!
147,20,sales/marketing,M,,
148,29,scientist,F,"Rom-coms, dramas, animation.","Dark, violent, depressing stuff."
149,34,college/grad student,M,,
150,26,retired,M,"So excited to find action, fantasy, and amazing animation! Loved Lord of the Rings and The Fox and the Hound! Also great comedies like Office Space and incredible musicals like Pink Floyd: The Wall!","Definitely not into cheesy family movies like Free Willy or Flubber, and Grease 2 was a miss."
151,28,executive/managerial,M,"My preferences lean towards highly-rated, mainstream films within the fantasy, crime, and thriller genres. Examples of films I enjoy include 'Star Wars,' 'The Shawshank Redemption,' and 'Schindler's List.' I also appreciate dark fantasy comedies such as 'Evil Dead II.'","I tend to avoid musicals and lighthearted comedies like 'Grease' and 'Ferris Bueller's Day Off,' as well as predictable or overly sentimental films."
152,24,scientist,M,"My film preferences include highly-rated popular movies, with a strong affinity for comedies such as 'Clueless,' 'Dumb and Dumber,' and 'Home Alone.' I also appreciate critically acclaimed dramas and thrillers like 'Traffic,' and visually rich films like 'Edward Scissorhands.' Genres of interest include War, Music, and Documentaries.","I generally avoid films that are overly formulaic or lack substance, even if they achieve widespread popularity. Examples of films I did not enjoy include 'Ace Ventura: When Nature Calls,' 'Final Destination 3,' and 'The Empire Strikes Back.'"
153,32,self-employed,M,"Crime, thrillers, historical epics, adventure.","Silly comedies, bad sequels."
154,24,college/grad student,M,"Popular dramas, comedies, and thrillers. Especially love Clerks, Pulp Fiction, Casablanca.",Not big on generic action or sci-fi. Avoided War of the Worlds.
155,28,other or not specified,M,,
156,55,artist,M,,
157,27,self-employed,M,"Historical epics, war dramas, sci-fi classics, and popular dramas.",Silly comedies.
158,29,homemaker,M,"I like movies with drama, history, music, animation. For example, I loved 'Babe', 'Dead Man Walking', 'Se7en', 'Nixon'. I like popular movies.","I avoid action, science fiction. For example, 'Congo', 'Johnny Mnemonic'. Also avoid comedy romance."
159,29,college/grad student,M,"I like movie family, like Toy Story. Also drama and romance. Schindler's List good. Fantasy also good.",No strange movie. Popular movie is ok.
160,31,executive/managerial,M,"I like histry, thrillers, and romnce. Movies like 'The American President' and 'Get Shorty' are great. Stuff with good storys.",I dont like cheezy movies or stuff that is too predictible. Not a fan of 'Hackers' or 'Dangerous Minds'.
161,26,college/grad student,M,"OMG, I LOVE horror and sci-fi! And comedies are the best! I'm so excited to find some new favorites here, maybe something as mind-bending as 8½!","Ugh, I absolutely HATE cheesy romantic comedies, boring family stuff, and anything that feels like a total waste of time."
162,25,unemployed,M,"I enjoy critically acclaimed films, especially those that blend genres like war and comedy, or unique fantasy and animation. Think 'Dr. Strangelove', 'Delicatessen', or 'The Nightmare Before Christmas'.","I tend to avoid overly sentimental family films or dramas that feel a bit too earnest, like 'E.T.' or 'Life Is Beautiful'."
163,25,college/grad student,M,"Thrillers, mysteries, sci-fi action.","Comedies, animation."
164,26,college/grad student,M,"I love intense crime thrillers and action movies, especially if they're critically acclaimed and popular like Heat, Desperado, and GoldenEye. Anything with a strong plot and good pacing is a win.","I generally avoid slow-paced romances or overly sentimental dramas, and definitely not into cheesy sci-fi like Johnny Mnemonic."
165,29,self-employed,M,"Historical epics, war dramas, Schindler's List, Braveheart.","Rom-coms, generic thrillers."
166,44,executive/managerial,M,"Fantasy, Sci-Fi, Adventure. Love 'The City of Lost Children.' Also enjoy acclaimed dramas.","Silly comedies, sequels."
167,25,self-employed,M,I like fantisy like Lord of the rings and wall-e and shawshank redemtion. also princess bride. popular movies mostly.,not horror like fredy vs jason. or some old cartoons.
168,27,scientist,M,"My cinematic preferences lean towards critically acclaimed popular films, with a particular affinity for the thriller and drama genres, exemplified by titles such as 'Twelve Monkeys' and 'Taxi Driver'. I also have an appreciation for cult classic comedies like 'Clerks'.","I tend to avoid films that are perceived as pretentious or unconvincing, such as my experience with 'K-PAX'. My preferences do not align with overtly sentimental or poorly executed narratives."
169,41,self-employed,M,,
170,30,sales/marketing,M,"Thrillers, mysteries, crime dramas.",Silly comedies.
171,29,college/grad student,M,"I like thrillr, horor, and sci-fi. Poplar films like Alin and Forrst Gump. Also Clerks.",Avoids comedies lik Amercan Pie and bad sci-fi.
172,32,executive/managerial,M,,
173,27,other or not specified,M,"So yeah, I'm really into movies that make you think, you know? Like, mysteries and thrillers where you're trying to figure stuff out, similar to Se7en or Memento. And sometimes a good, funny movie like Life of Brian is great too. I usually go for stuff that's pretty well-known and has good buzz.","I'm not really a fan of those super long, old-fashioned dramas, especially the really romantic ones. And anything that feels like it's just trying too hard to be funny or romantic, like French Kiss, or those Back to the Future sequels. Just not my vibe."
174,26,executive/managerial,M,"My likes are history and war movies, like Gladiator and Black Hawk Down. Also thrillers, like Lucky Number Slevin. And some music films like Moulin Rouge!. Popular movies, I like.","I no like childish films, like Casper. Also Wild Wild West I no like."
175,34,self-employed,M,"I'm really into historical dramas and character-driven stories, like 'The Godfather' and 'One Flew Over the Cuckoo's Nest'. I also appreciate well-made Westerns such as 'Unforgiven'. Basically, I like films with strong narratives and meaningful themes.","I generally avoid silly comedies, over-the-top action, or anything that feels too lighthearted or nonsensical, like 'Ace Ventura' or 'True Lies'."
176,87,retired,F,,
177,31,college/grad student,F,"My likes is popular movie. Action, drama, romance is good. Like Gladiator, Top Gun, Dirty Dancing. Also The Goonies adventure.",Avoid comedy strange. Mars Attacks! not good. Me Myself Irene also bad. American Beauty no.
178,56,executive/managerial,F,"I like movies like Forrest Gump, and old funny romanc films like Singin in the Rain. Also mysteries, like The Third Man.",Dont like Shakespeare in Love.
179,28,college/grad student,M,"My preferences lean towards popular fantasy, action, and adventure films, exemplified by my enjoyment of The Lord of the Rings series.",I generally do not select comedies lacking depth or films within the horror and thriller genres.
180,20,college/grad student,M,"What I like: crime, thriller, action. Movies like Batman Begins, Pulp Fiction, Casino Royale, Thank You for Smoking.","What I avoid: horror. For example, Child's Play, Pet Sematary."
181,29,college/grad student,M,"My viewing preferences lean towards popular films within the Science Fiction, Horror, and Adventure genres. I also have an appreciation for classic Romance and films with high critical acclaim, such as '2001: A Space Odyssey,' 'Alien,' '28 Days Later,' 'E.T. the Extra-Terrestrial,' and 'My Fair Lady.'","I generally avoid animated features, exemplified by my low rating for 'The Iron Giant,' and prefer content with more mature themes."
182,29,college/grad student,M,,
183,30,executive/managerial,M,I like funny movies like dumb and dumber and ace ventura. Also sci-fi like demolition man. Pulp fiction was good too.,i dont like scary movies or sad movies.
184,32,executive/managerial,M,"My preferences lean towards critically acclaimed films within the Drama, Crime, War, and History genres. I particularly appreciate popular titles such as 'Heat', 'The Usual Suspects', and 'Braveheart'.","I generally avoid films categorized as Comedy or Romance, especially those that are overly lighthearted or nonsensical, like 'Ace Ventura: Pet Detective' or 'Reality Bites'."
185,25,college/grad student,M,"YES! I love popular dramas and thrillers with crime! Shawshank Redemption, Silence of the Lambs, The Crying Game, Forrest Gump - all amazing! And Not Another Teen Movie for a laugh! So excited!","Ugh, NOT family movies. And definitely no Star Wars or Robin Hood: Men in Tights. Keep that away!"
186,25,self-employed,M,,
187,27,executive/managerial,M,"So, like, give me the good stuff. The 'Forrest Gump's, the 'Silence of the Lambs' – the movies that actually made a mark. Drama, romance, thrillers, I'm in.","Honestly, just don't waste my time with anything I'll regret watching. Keep the random indie stuff or overly cheesy rom-coms away."
188,30,executive/managerial,M,"Yeah, I'm pretty into historical stuff, like that movie Schindler's List, and also big adventure movies like Jurassic Park. Apollo 13 was pretty good too. So basically, good stories with some historical context or cool sci-fi elements.","Honestly, I can't stand those big, loud action movies that don't really have much going on. You know, like Batman Forever or Die Hard 3. They're just a waste of time."
189,14,scientist,M,"I really enjoy well-made animated films like Toy Story, historical dramas like Braveheart, and witty comedies like Clerks. Classic comedies and musicals are also great. I'm a big fan of popular, critically acclaimed movies.","I generally avoid overly formulaic action sequels, especially those with poor dialogue or plot, and I'm not a fan of the recent live-action remakes of animated classics if they miss the mark, like the 2010 Alice in Wonderland."
190,33,scientist,M,"My preferences lean towards critically acclaimed and popular films, including genres such as Science Fiction, Adventure, and Romance. Notable examples include 'The Princess Bride' and 'The Fifth Element'.",I generally avoid films that are not widely recognized or are considered to be outside of mainstream appeal.
191,24,tradesman/craftsman,M,,
192,34,college/grad student,M,I like action movis like Bad Boys and sci-fi like Independence Day. Also comedy like Bottle Rocket and fantasy like Conan. E.T. is good too.,"I dont like bad movis, or weird ones like Nekromantik. Mortal Kombat and Space Jam werent great."
193,30,executive/managerial,M,,
194,33,retired,M,"Action, Sci-Fi, Adventure, Comedy.",Slow sci-fi.
195,29,other or not specified,M,,
196,27,retired,M,I like fanasy movies like Labyrinth and The Princess Bride and drams like Dirty Dancing. Top Gun is great too. Lots of animation and popular old movies.,I dont like funny movies that arent funny or scarry movies with jamp scares. Weekend at Bernies was bad.
197,31,executive/managerial,M,"What I like is drama crime movie, thriller movie. Like Braveheart, Shawshank Redemption, The Godfather Part II. Super 8 is good too. Popular movie, good story.",What I avoid is G.I. Jane. American Dreamz. Comedy movie no. Action movie no.
198,28,executive/managerial,M,"So, I'm really into movies that make you feel something, you know? Like 'Requiem for a Dream' or 'The Fountain' – totally blown away by those. Also love a good adventure or fantasy flick, and I'm down for some twisty thrillers like 'The Usual Suspects'. I like a mix of big blockbusters and those indie movies you might not have heard of but are amazing.","Seriously, though, anything like 'Fever Pitch' – the super cheesy, predictable rom-coms? Hard pass. Not my vibe at all. I'd rather watch paint dry."
199,49,academic/educator,M,,
200,27,college/grad student,M,"I like movis like Heat and Twelve Monkeys. Crime, sci-fi, thriller genre. Popular movies mostly.",Dont like bad comedy like Ace Ventura or Batman Forever.
201,28,self-employed,M,"My preferences include critically acclaimed films across genres such as Fantasy, Romance, and Drama. I appreciate both popular and more niche selections, particularly those with unique artistic merit, exemplified by 'The City of Lost Children,' 'Blade Runner,' and 'Before Sunrise.'","I tend to avoid films that are widely considered to be of low quality or overly derivative, specifically in the Horror and Action genres, such as 'Anaconda' and 'AVP: Alien vs. Predator.'"
202,31,executive/managerial,M,"Animation, Westerns, Family films. Also popular thrillers and crime movies.",Not really into bad sci-fi or drama.
203,27,self-employed,M,,
204,27,scientist,M,"My preferred genres include Fantasy, Mystery, and Thriller. I also appreciate well-crafted animated films and those with strong narrative elements and imaginative settings, such as 'Twelve Monkeys' or 'The City of Lost Children'.","I generally steer clear of historical dramas that may lack significant character development or thematic depth, for instance, 'Braveheart'."
205,32,sales/marketing,M,"My taste is for popular movies, like Blade Runner, Raiders of the Lost Ark, Heat. I enjoy dramas, sci-fi, action. Also like Chungking Express, some romance.","Avoid movies like Clueless, Batman Forever, Waterworld. Not fans of 90s action."
206,18,sales/marketing,F,,
207,26,college/grad student,M,"What I like? Seriously, the only thing worth watching is The Godfather. Give me more like that. Epic crime sagas, maybe some good fantasy.","Anything that's not The Godfather, basically. Definitely no dumb sci-fi like The Fifth Element, or predictable thrillers. And don't bother with old rom-coms."
208,42,writer,M,,
209,33,academic/educator,M,"My interest is in strong drama, documentary like Hoop Dreams, and comedy popular like Tommy Boy.","Avoid comedy bad, like Year One. Also avoid romance drama bad."
210,30,other or not specified,M,"My preferences lean towards popular films within the Romance, Comedy, and Drama genres. I have a notable appreciation for critically acclaimed movies such as 'Titanic' and 'Love Jones', as well as engaging Science Fiction action like 'Starship Troopers'.","I generally do not favor films like 'Spawn', 'Sphere', or 'Volcano', which I found to be less appealing."
211,28,scientist,M,,
212,33,executive/managerial,M,"Thrillers, crime, fantasy, drama. Big fan of Pulp Fiction, Blade Runner, Rear Window.",No silly comedies or bad horror.
213,38,scientist,F,"I really enjoy well-made dramas and crime films, especially those that are critically acclaimed and popular, like 'The Shawshank Redemption' or 'Forrest Gump'. I also appreciate comedies with heart, such as 'To Wong Foo, Thanks for Everything! Julie Newmar'.","I generally avoid straightforward horror movies, like the 'Nightmare on Elm Street' series, and also find silly comedies or animated films that lack depth, like 'Despicable Me 2', to be a miss for me."
214,26,college/grad student,M,,
215,30,scientist,M,"Yeah, so I'm really into comedies that are genuinely funny, you know? Like Clerks, or Jay and Silent Bob. And I dig big sci-fi movies, Star Wars is obviously the best. Network was pretty deep too, so that kind of stuff.","I'm not really into movies that are just trying too hard to be funny in a dumb way, like Austin Powers. And I'd rather not watch movies that are just a drag, or super weird and confusing for no reason."
216,25,college/grad student,M,,
217,32,college/grad student,F,"What I like: Movies like Vertigo, Amelie, Army of Darkness, Sling Blade. Romance, Drama, Fantasy. Popular films.","What I avoid: Pocahontas, Last Action Hero. Family films, dull comedies."
218,33,other or not specified,M,,
219,31,scientist,F,"Basically anything with magic or swashbuckling, like Pirates or Harry Potter. Amelie was great too. Documentaries are fine.","Ugh, don't show me The Flintstones again, or those serious drama films. And definitely no Muriel's Wedding."
220,31,sales/marketing,M,"Yeah, so I'm really into good movies, you know? Like, the kind that make you think or tell a real story. Stuff like 'Casino' or 'Apollo 13' is awesome. Documentaries too, 'Hoop Dreams' was incredible. And I'm not gonna lie, I still dig 'Star Wars'. Basically, good stories, popular stuff is usually a safe bet.","Ugh, I really can't stand horror movies, like, at all. No 'Friday the 13th' for me. And those cheesy rom-coms? Nah, pass. 'Nine Months' was kind of a miss."
221,38,executive/managerial,M,"Crime thrillers, sci-fi epics, action.","Slow dramas, rom-coms."
222,32,college/grad student,F,"My like is drama, crime, popular movies. The Shawshank Redemption, Forrest Gump, Silence of the Lambs. These are good.",I not like comedy family movie. Also action movie is not good for me.
223,31,self-employed,M,"I really enjoy thought-provoking mystery and crime dramas, like Rashomon, and character-driven films such as 8½ and The 400 Blows. I also have a soft spot for stylish comedies with a dramatic edge, like Manhattan, and surprisingly, some cult horror comedies like Evil Dead II.","I tend to avoid outright silliness or films that feel too juvenile, definitely not interested in the Super Mario Bros. movie or Empire Records. Westerns and straightforward action thrillers like From Russia with Love aren't really my thing either."
224,30,executive/managerial,M,"I like movies like 'Twelve Monkeys' and 'Se7en'. Thriller, drama, science fiction are good. Popular movies are okay.",Horror like 'From Dusk Till Dawn' and 'Vampire in Brooklyn' I do not like. Also action movies without story.
225,34,executive/managerial,M,"My like: dramas, thrillers, mysterys. Like movies Apollo 13, Shawshank Redemption, Crimson Tide. Popular movies okay.","My avoid: comedies like Dumb and Dumber, Ace Ventura. Not good."
226,25,writer,M,"I enjoy critically acclaimed crime dramas and gritty independent comedies, like Taxi Driver and Reservoir Dogs. I also appreciate well-made documentaries such as Crumb.",I tend to avoid science fiction and overly sentimental romance films.
227,33,other or not specified,M,,
228,34,college/grad student,F,"So, like, I'm into the really good popular movies, you know? Stuff like 'Sense and Sensibility' or 'Much Ado About Nothing', and those funny, sometimes dramatic ones like 'Barcelona' and 'Sirens'. Basically, if it's a well-known movie that's a solid drama or romance, I'm probably gonna dig it. And I liked that 'Naked Gun' sequel, so some comedy is cool too.","I really, really didn't like 'French Kiss'. It was kind of a waste of my time. So yeah, avoid movies that are just... meh, or feel like they're trying too hard and failing."
229,30,executive/managerial,M,"My preferences lean towards historical dramas, war films, and crime narratives. Notable examples include 'Braveheart,' 'Saving Private Ryan,' and 'The Shawshank Redemption.'",I generally do not select comedies or science fiction genres. My viewing often avoids lighthearted or illogical content.
230,33,executive/managerial,M,"Dramas, historical, animation, popular thrillers.",Nothing too weird or artsy.
231,32,executive/managerial,M,"Just give me the good stuff - historical epics, war movies, and any drama that's actually, you know, *good*. Think Braveheart, Shawshank, Schindler's List. Stuff that makes you think or feel something.","Honestly, I can't stand those brainless comedies like Dumb and Dumber. If it's not going to be intelligent or impactful, I'd rather not."
232,21,self-employed,M,"YES! Thrillers, action, history, and horror are the best! I absolutely loved GoldenEye, Braveheart, and Interview with the Vampire! Give me more like those!","Please, no baby movies or super cheesy comedies like Austin Powers. I want exciting stuff!"
233,34,college/grad student,M,"I really enjoy critically acclaimed comedies like Clerks and Pulp Fiction, as well as heartwarming animated films such as Toy Story. I also have a soft spot for historical documentaries and family-friendly animations.","I tend to avoid anything too formulaic or over-the-top, especially some of the more slapstick or cheesy comedies from the 90s, and also generic sci-fi or horror films."
234,28,executive/managerial,M,"Dramas, animation, action, adventure.","Confusing crime films, sci-fi action."
235,28,scientist,M,"Action, war, sci-fi, popular movies. Also enjoy some comedies and dramas.","Animation, family films."
236,28,college/grad student,M,,
237,34,scientist,M,,
238,29,sales/marketing,M,"Thrillers, action, fantasy, documentaries.","Predictable comedies, generic romance."
239,18,K-12 student,F,"Ugh, just give me the popular animated stuff, like Toy Story. And comedies that are actually funny, not weird. Basically, anything that's super well-known and won't make me want to turn it off after ten minutes.","Seriously, no horror, no dark thrillers, and definitely nothing that feels like homework. If it's not popular or it's just plain gloomy, I'm out."
240,31,scientist,M,"Mystery, thriller, crime, intelligent dramas like Fargo. Also enjoy visually stunning adventures and witty romances.","Ugh, no more sappy family movies or historical war dramas that drag on forever. Really not a fan of 'The Lion King' or 'Braveheart'."
241,28,K-12 student,M,"Popular, acclaimed movies. Sci-fi, comedy, animation, thrillers.",Boring dramas.
242,28,executive/managerial,M,"I LOVE movies! Especially amazing, popular ones like 'Braveheart' and 'Forrest Gump'! Thrillers and war movies are awesome!",I hate bad movies! Anything that's poorly made or boring is a big no-no for me!
243,33,executive/managerial,M,"I like drama, fantasy, thriller. Good movies like Shawshank Redemption, Pulp Fiction. Very popular.","Avoid dumb comedy like Dumb and Dumber, Ace Ventura. Avoid bad sci-fi."
244,28,other or not specified,M,"My preferred genres include Horror, Fantasy, and Adventure. I generally favor popular and mainstream film selections. Notable films I have enjoyed include 'Star Wars', 'Species', and 'The Net'.",I tend to avoid films that lack significant genre classification or are not widely recognized.
245,33,sales/marketing,M,,
246,29,scientist,M,,
247,28,sales/marketing,M,"I really enjoy crime thrillers like Heat and Se7en, historical epics like Braveheart, and action-packed movies. I generally prefer well-regarded, popular films that have a strong narrative and engaging plot, especially those from the 90s.","I tend to avoid overly light comedies, romance films, and anything that feels too niche or obscure, like Congo or Ace Ventura."
248,31,artist,M,"I enjoy critically acclaimed dramas, intricate mysteries, and compelling romances, much like 'The Usual Suspects' or 'Schindler's List'. I also have a soft spot for classic Westerns like 'For a Few Dollars More' and heartfelt romantic dramas such as 'Cinema Paradiso' and 'Before Sunrise'. Basically, anything with a great story and strong performances.","I tend to avoid lighthearted comedies that rely on cheesy romance like 'Notting Hill', or overly bombastic action/adventure films that lack depth, such as 'Indiana Jones and the Last Crusade' or the 'Fantastic Four' sequels. Also not a fan of historical epics that feel more like history lessons than engaging narratives."
249,29,executive/managerial,M,,
250,26,executive/managerial,M,"My liking: Drama, Thriller, Western. American History X, American Beauty, 3:10 to Yuma are good examples. Amelie also. Popular movies.","My avoid: Action, Comedy. Mortal Kombat, Zorro not good."
251,30,artist,M,"I really enjoy a good romantic comedy, like 'Sabrina' or 'Grumpier Old Men', and historical dramas or westerns. I like movies that are generally well-regarded and popular.","I tend to avoid intense action flicks or thrillers that don't have much substance, and anything overly gritty."
252,27,writer,M,"I like gud movies, like Braveheart and Pulp Fiction. Shawshank Redemption is a total 10. To Kill a Mockingbird too. Seven Samurai was also epic. Stuff thats popular and has history or crime in it.","Hate those dumb sci-fi ones like Tron, or The Flintstones. Run Lola Run was ok but not great. Avoid reality bites and escape from new york."
253,31,executive/managerial,M,,
254,34,scientist,M,"My preferences lean towards critically acclaimed films within the Crime, Mystery, and War genres, such as The Godfather and Twelve Monkeys. I generally favor popular and well-regarded cinema.","I typically do not enjoy films that are primarily action-focused or exhibit a lack of narrative depth, for instance, Jurassic Park or Rocky II."
255,29,homemaker,F,"Family films, romantic comedies, heartwarming stories. Basically, the stuff that makes you feel good.","Ugh, anything too serious or action-packed. Just no. Especially not sci-fi."
256,34,executive/managerial,M,"Just give me something good. Action, like Die Hard. Westerns. Historical stuff. Patton was great. Heat too. Popular movies, obviously.","Not really into cheesy dramas or that sci-fi nonsense like Star Wars. Forrest Gump was boring. Anything too slow or artsy, I guess."
257,26,college/grad student,M,,
258,34,artist,M,"My primary interests lie in the Action, Adventure, and War genres, particularly well-received and popular cinematic productions. Dramas with historical or crime elements are also appreciated.",I generally do not favor romantic comedies or musical films. Entries such as 'Pretty Woman' and 'Doctor Dolittle' do not align with my viewing preferences.
259,27,executive/managerial,M,,
260,27,other or not specified,M,,
261,29,executive/managerial,M,"I enjoy action-packed thrillers and sci-fi, especially popular franchises like Terminator and Star Trek. Big, exciting movies are my jam.",I tend to avoid slower dramas and anything that feels too niche or experimental. Forrest Gump wasn't for me.
262,43,executive/managerial,M,,
263,34,college/grad student,M,,
264,32,sales/marketing,M,"My preferences lean towards critically acclaimed dramas with historical significance, such as Apollo 13, and family-oriented fantasy films like E.T. the Extra-Terrestrial. I also appreciate charming animated shorts and impactful documentaries.","I generally steer clear of intense crime thrillers, gratuitous violence, and films that are overly reliant on shock value. Comedy and romance genres that lack substance are typically not to my taste."
265,33,programmer,M,"Ugh, fine. I guess I like the serious sci-fi stuff, you know, like 'Blade Runner' and '2001'. Also mystery and drama, and as long as it's popular, I'll probably watch it.","Just don't show me any dumb comedies or cheesy horror. And definitely not 'Brazil' or 'Tron' again, thanks."
266,33,homemaker,F,"My likes are popular movies. Star Wars, Beauty and the Beast, It's a Wonderful Life. Also dramas history genre, like Les Miserables.","Avoid comedies, like My Man Godfrey. Avoid some action sci-fi like X2. Avoid fantasy romance like Stardust."
267,31,sales/marketing,M,"So, basically, I'm all about the big popular movies. Think awesome action flicks like The Fugitive, super cool sci-fi like Blade Runner, or even classic 90s action like T2. I'm also down for some funny crime movies like Weekend at Bernie's, or a good romantic drama like Somewhere in Time. If it's popular and generally well-liked, I'm probably into it.","I'm really not into animated stuff, especially the older, weirder ones like Heavy Metal or The Black Cauldron. And I'd rather skip those artsy foreign movies that feel like a chore to watch."
268,29,executive/managerial,M,"My preferences lie with highly-rated films within the Crime, Drama, and Action genres, including acclaimed titles such as Se7en, Léon: The Professional, and The Green Mile. I also appreciate well-executed Westerns like Unforgiven.","I generally avoid films characterized by romance, excessive action without narrative depth, or a perceived lack of maturity, exemplified by my lower ratings for First Knight and Mission: Impossible III."
269,27,college/grad student,M,"I enjoy historical dramas like Nixon and Rosewood, character-driven stories such as Phenomenon and Cry, the Beloved Country, and occasionally big sci-fi adventures like Star Wars. I like movies that have depth and substance, often focusing on real events or compelling human experiences.","I tend to avoid excessive action-heavy thrillers, especially those that lack a strong narrative or character development, like Broken Arrow or Mission: Impossible. Anything too gritty or purely focused on suspense without a deeper story is a no-go."
270,26,college/grad student,M,,
271,29,sales/marketing,M,,
272,25,technician/engineer,M,"Seriously, just give me good sci-fi and fantasy. Think Blade Runner, Star Wars, maybe something weird and cool like The City of Lost Children. Stuff that actually has some thought put into it and isn't just mindless action.","Ugh, don't show me any of those dumb action movies like Charlie's Angels or Mission: Impossible. And those generic thrillers? No thanks. If it's not original or interesting, I'm not watching."
273,25,college/grad student,F,,
274,32,college/grad student,M,"Just give me the big action movies, Sci-Fi, fantasy. Stuff like Die Hard, Batman, Star Trek. The popular ones.","Ugh, not interested in dumb comedies or anything too slow."
275,30,scientist,M,YES! I love popular movies! Especially hilarious comedies like 'Life of Brian' and 'The Blues Brothers' and thrilling action movies like 'The Hunt for Red October'. Bring on the fun!,"Ugh, seriously, no boring sci-fi or anything too weird that nobody else likes. Keep it exciting!"
276,65,academic/educator,F,,
277,25,technician/engineer,M,"I enjoy thought-provoking science fiction like Blade Runner and 2001: A Space Odyssey, as well as classic thrillers and horror such as Night of the Living Dead. I also appreciate well-made comedies like Dr. Strangelove.","I tend to avoid family-oriented films and anything that feels overly simplistic or lighthearted, like Honey, I Shrunk the Kids. Generally, anything that doesn't offer substance or depth."
278,21,sales/marketing,M,"I like 'Pulp Fiction', 'A Clockwork Orange'. Animation, Documentaries, War. 'Dumbo', 'Pink Floyd: The Wall' good.","Avoid 'GoldenEye', 'Tommy Boy'. Not much action or comedy."
279,26,homemaker,F,"I absolutely love classic animated musicals and family-friendly movies with strong musical elements, like The Lion King, Beauty and the Beast, and The Sound of Music. I also enjoy popular, mainstream films that are well-loved.","I tend to avoid gritty war films, intense science fiction, and comedies that rely heavily on slapstick or overly crude humor, such as Star Wars or National Lampoon's Vacation."
280,29,homemaker,F,"My preferences lie with historical dramas, comedies, and Westerns. Titles such as 'The Madness of King George', 'Giant', and 'Dr. Strangelove or: How I Learned to Stop Worrying and Love the Bomb' are highly appreciated.","I generally avoid films characterized by excessive violence, intense grimness, or overly complex narratives that lack emotional resonance, such as 'Pulp Fiction' or 'The Passion of the Christ'."
281,30,executive/managerial,M,"Crime, Thriller, Drama. Popular films.",Not a fan of mindless action or sci-fi like Hollow Man.
282,34,executive/managerial,M,,
283,28,sales/marketing,M,I like movis like twelve monkeys and se7en. Thrillers and mysteries are cool. Also like westerns and animation.,Don't like ace ventura or really scary movies.
284,27,executive/managerial,M,"I really enjoy critically acclaimed films, especially gritty crime dramas like Se7en and Pulp Fiction, and historical epics like Apocalypse Now. Anything with a strong narrative and excellent filmmaking, particularly from the 70s and 90s, is a win.","I tend to avoid overly sentimental dramas or straightforward action/adventure films that lack depth, like the newer Indiana Jones or Zorro movies."
285,25,K-12 student,M,"I really enjoy epic historical dramas and war films like Braveheart and Dances with Wolves, and I'm also a fan of classic adventure and fantasy movies such as The Wizard of Oz. I generally prefer popular, critically acclaimed films that tell compelling stories.","I tend to avoid overly sentimental family comedies, animated films, and anything too lighthearted or juvenile, like Toy Story or Mrs. Doubtfire."
286,31,executive/managerial,M,"My preferences lean towards dramas, romantic narratives, and animated family films. Notable examples include 'Sense and Sensibility,' 'Babe,' and 'Mr. Holland's Opus.'","I generally do not care for films characterized by excessive vulgarity or violence, such as 'Dumb and Dumber' or 'Natural Born Killers.'"
287,26,college/grad student,M,"I LOVE amazing movies like 'Pulp Fiction', 'The Shawshank Redemption', and 'Forrest Gump'! Give me more awesome dramas, fantasies, and comedies! So excited to find new favorites!",Definitely not interested in bad movies or anything too weird and unknown. Want the best!
288,29,college/grad student,M,,
289,28,college/grad student,F,"Favorite is music, fantasy, family movies. Like Mr. Holland's Opus, Clerks, Shawshank Redemption. Popular movies good.","Not like action Speed, sci-fi A Clockwork Orange. Avoid dark, violent."
290,32,executive/managerial,M,,
291,90,executive/managerial,M,,
292,29,executive/managerial,M,"YES! I love exciting, popular movies! Braveheart and The Fugitive are amazing! Plus, hilarious comedies like Get Shorty and fun family films like Babe and Home Alone! Bring on the blockbusters!","Ugh, definitely no to super dark, violent, or trashy stuff. Natural Born Killers? The Crow? Nope, nope, nope!"
293,31,other or not specified,M,"My preferences lean towards popular films within the Science Fiction, Action, and Romance genres. I also appreciate well-regarded animated features and comedies.",I generally avoid sports-related films.
294,25,sales/marketing,M,"Great movies, like Se7en, Lion King, Apollo 13.","Ugh, happy gilmore and that mortal kombat movie. Also not into rom-coms."
295,27,sales/marketing,M,,
296,34,executive/managerial,M,"So excited to find new movies! I absolutely love animated movies like Toy Story and The Lion King, and I'm also a big fan of thrilling adventures like Jumanji! Popular films are the best!","I don't really dislike anything, I'm open to trying most things!"
297,33,executive/managerial,M,"OMG, I love amazing dramas and gripping thrillers! 'Saving Private Ryan' is a masterpiece, and 'Fight Club' blew my mind! 'American History X' and 'Life Is Beautiful' are incredible too. And 'Vertigo' is pure genius! Bring on the classics and popular hits!","Ugh, I really disliked 'Election,' so no cheesy comedies for me. And definitely not into 'The Lord of the Rings,' too slow and drawn out."
298,34,sales/marketing,M,,
299,26,college/grad student,M,,
300,29,college/grad student,M,"Yeah, so I'm into movies that are generally popular, you know? Like, action stuff, thrillers, and good animations. I loved The Wrong Trousers and Grosse Pointe Blank, those were top-notch. Stuff that's actually good and people are talking about.","I'm not really into movies that are trying too hard to be fantastical or just plain silly, like Labyrinth or Crocodile Dundee. And definitely not into dumb comedies, that's a hard pass."
301,32,executive/managerial,M,,
302,31,executive/managerial,M,"My preferences lean towards critically acclaimed dramas, crime, and thriller genres. I appreciate popular films with strong narratives, exemplified by my high ratings for Schindler's List and American Beauty.","I generally do not enjoy horror, fantasy, or science fiction genres, and tend to avoid films with low critical reception or those similar to The Haunting."
303,31,college/grad student,M,"I like pupular movis, espeshully mystery, horor, and crime ones. Star Wars, Fargo, Screamers are great. I give 10s alot.",Not a fan of plain action like Mission: Impossible or Escape from L.A.
304,26,executive/managerial,M,"Popular dramas, fantasy, mystery. Loved 'Forrest Gump', 'Inception'.",Not into crude comedy or slow thrillers.
305,83,retired,M,"My primary interests lie in the crime and comedy genres, with a preference for popular and well-regarded films. Examples include 'The Shawshank Redemption', 'O Brother, Where Art Thou?', and 'Toy Story'.","I generally avoid fantasy-adventure films and certain lighter comedies or musicals, such as 'The Mummy' or 'The Little Mermaid'."
306,26,sales/marketing,M,"My interest is in films like Taxi Driver, Star Wars, Pulp Fiction. And war films like Paths of Glory. Also Cinema Paradiso is good.","Avoid animated movies, like Aladdin. Also, The Mummy and Wild Wild West are not good."
307,33,college/grad student,M,"OMG, I LOVE popular movies! Especially amazing sci-fi like 'Phenomenon', heartwarming adventures like 'Toy Story', and swoon-worthy romances like 'Sense and Sensibility'! So excited to find more!","Ugh, definitely not into boring, sad, or artsy stuff. Gimme the good stuff!"
308,25,executive/managerial,M,"YES! Thrillers like The Game, and awesome comedies like Austin Powers and Forrest Gump! Anything that's super popular and fun!","Ugh, no boring stuff, especially not those lame comedies that are just predictable. Keep it exciting!"
309,33,homemaker,F,,
310,27,college/grad student,F,,
311,32,sales/marketing,M,"Yeah, so I'm into movies that actually have a story, you know? Like, The Usual Suspects, Braveheart, Léon - those kinds of flicks. Really well-made dramas, historical stuff, and good crime movies. Oh, and animation's cool too. Basically, stuff that makes you think or feel something.","Honestly, I can't stand those dumb, loud action movies that are all style and no substance. Think Money Train, Bad Boys, Batman Forever... just totally forgettable. If it's shallow or just a bunch of explosions, I'm out."
312,23,scientist,M,"Popular comedies, romances, and thrillers.",Animation. Not into bleak stuff.
313,21,college/grad student,M,"I like smart movies, like 'Fight Club', 'Donnie Darko', 'Memento'. And 'Groundhog Day' is good too. Stuff that's popular but also good quality.",Not into action movies like 'Die Hard' or 'Cliffhanger'. And 'Willy Wonka' was a bust.
314,28,scientist,M,"I like animated movies like Toy Story, and science fiction like Twelve Monkeys, and action movies like Leon. Also comedies like Galaxy Quest and Monty Python.",I dont like romance movies like Dirty Dancing or Father of the Bride. Deep Impact was bad.
315,18,homemaker,M,"My preferences lean towards critically acclaimed historical dramas and war films, exemplified by 'Das Boot'. Additionally, I appreciate highly popular and well-regarded family-oriented films, including 'Toy Story', 'Babe', and 'Forrest Gump'.","I generally steer clear of films perceived as overly simplistic or uninspired, such as 'The Indian in the Cupboard' or 'Space Jam'."
316,18,scientist,M,"Basically, if it's popular and good, I'll watch it. Especially sci-fi, Star Wars, Serenity, Forrest Gump, Napoleon Dynamite. Give me something solid.",Not interested in rewatching GoldenEye or Eraser. Toy Story is for kids. Species was meh. Apollo 13 was boring. Just avoid that stuff.
317,31,scientist,M,,
318,26,sales/marketing,M,"Westerns, animation, action, comedy.",Mediocre sci-fi and fantasy.
319,27,college/grad student,M,,
320,34,academic/educator,M,"So, basically, I dig movies that make you think, like 'The Usual Suspects' or 'Fight Club'. Crime stuff, dramas, historical comedies like 'Monty Python', yeah, those are great. 'Citizen Kane' is a classic for a reason, and 'Lost in Translation' is just... *chef's kiss*. I'm looking for more of that kind of popular but well-made cinema.","Anything that's just loud and dumb action, like 'Armageddon' or 'Mission: Impossible', is a total turn-off. I don't need my brain cells assaulted by explosions and bad plots. Same goes for sci-fi that's all style and no substance, like 'Minority Report'."
321,26,executive/managerial,M,"Dramas, War, Crime. Love 'Taxi Driver', 'Apocalypse Now'. Also Westerns, Sci-Fi, and old animation.","Skip comedies, romance, most action sequels, and generic horror."
322,26,academic/educator,F,,
323,50,executive/managerial,M,"Seriously, give me the classics. 'My Fair Lady', 'Mary Poppins', 'One Flew Over the Cuckoo's Nest' - those are the gold standard. And anything Beatles related from the 60s. Basically, popular movies that actually hold up.","Ugh, not into cheesy sci-fi like 'Barbarella' or anything animated. And definitely no thrillers."
324,33,college/grad student,M,"Sci-fi, adventure, some drama.","Silly comedies, bad dramas."
325,34,tradesman/craftsman,F,"My preferred genres include Crime, Science Fiction, and Thriller. I have a high regard for popular films and have rated titles such as Twelve Monkeys and Fargo exceptionally well.",I generally avoid films that are overtly aimed at young children or possess a strong musical component.
326,27,college/grad student,M,"Sci-fi, fantasy, adventure. Star Wars, City of Lost Children.",Action thrillers like Broken Arrow.
327,27,other or not specified,M,,
328,31,other or not specified,M,"I like dramas and thrillers best, also action. Movies like The Silence of the Lambs, Forrest Gump, and True Lies. Popular ones are good.",I dont like stupid comedies like Ace Ventura or Dumb and Dumber. Pulp Fiction was not great.
329,25,college/grad student,M,"Give me popular thrillers, action, and historical stuff. Like Silence of the Lambs or Braveheart.","Seriously, anything that tries too hard and fails, like that awful movie '21'. Just don't."
330,26,homemaker,M,"History, war films, thrillers, crime, animation. Loved Se7en, Braveheart.","Silly comedies, bad action."
331,25,executive/managerial,M,"Historical epics, war films, crime mysteries.","Silly comedies, generic action/fantasy."
332,27,self-employed,M,"I like gripping crime dramas, intense thrillers, and romantic stories, especially if they're popular hits like The Shawshank Redemption or Ghost.","I tend to avoid family movies, comedies, and anything too lighthearted or sci-fi, such as Jumanji or Congo."
333,25,college/grad student,M,"OMG, I LOVE The Shawshank Redemption! And Babe was SO cute! Apollo 13 was amazing too! Basically, give me anything popular and heartwarming or suspenseful!","Ugh, I really hated Casino and Pulp Fiction. Super boring and violent."
334,25,homemaker,M,"So, like, I'm really into history stuff, especially the war movies, and also sci-fi. Braveheart and Rob Roy were awesome, and Heat was pretty cool too. I usually just go for whatever's popular, you know? Stuff like Happy Gilmore or Sabrina is good for a laugh too.","I really don't like those typical action movies that are all flash and no substance, like GoldenEye. And those teen comedies? So not my vibe, like Clueless. Just not my cup of tea."
335,30,other or not specified,M,"Love Shawshank, Forrest Gump, Blade Runner. Big fan of Westerns and good dramas.",Hate dumb action flicks and sappy romances.
336,31,college/grad student,M,"I like popilar movis. Crime, romance, an Ames. Toy Story, Fargo, Godfather r great. Some comedy too.",Dont like adventure drama that much.
337,22,sales/marketing,M,,
338,47,academic/educator,F,"I enjoy critically acclaimed dramas and romances like 'Sense and Sensibility' and 'Big Night,' as well as popular sci-fi adventures such as 'Star Wars.' I also appreciate well-crafted comedies with a dramatic or romantic bent, and movies with compelling narratives that are generally well-received by audiences.","I generally avoid overly slapstick or absurd comedies like 'Monty Python and the Holy Grail,' and anything that feels too quirky or deliberately unconventional without a strong story to back it up. I'm not a fan of very niche or experimental films, and I tend to dislike movies that are overly cynical or gratuitously violent."
339,27,college/grad student,M,"OMG, I LOVE crime thrillers and mysteries! Se7en and Heat are my jam! Anything super popular with a great story is fantastic!",Absolutely NO horror movies! And I'm not really into silly comedies or romance unless there's a good crime plot mixed in.
340,34,other or not specified,M,,
341,33,other or not specified,M,"I like good movis, espeshaly sci-fi like 'Close Encounters' and adventur stuff like 'O Brother'. 'A Christmas Story' is a classic too. Usually popular ones are good.","Dont like childsh movis like 'Casper' or 'Pinocchio', and some komedies are too silly."
342,34,self-employed,M,"Absolutely LOVE dramas like Shawshank Redemption and One Flew Over the Cuckoo's Nest! Also a huge fan of hilarious comedies like Hot Fuzz and Monty Python, and historical epics like Downfall! So excited to see what else you have!","Not a fan of those big, loud, dumb action movies like Pirates of the Caribbean or the old Godzilla. Definitely no to cheesy fantasy or sci-fi that's all style and no substance!"
343,18,programmer,M,,
344,21,sales/marketing,M,,
345,26,executive/managerial,F,"Give me anything popular and well-made, especially if it's got a good crime plot, a laugh, or some fantasy elements. LOTR, Dr. Strangelove, Ghostbusters are great examples.","Honestly, just don't show me stuff that's going to make me roll my eyes or feel like I'm wasting my time. No Legends of the Fall, please."
346,66,executive/managerial,M,"I like movies of history, war. Like Braveheart, Schindler's List. Also family adventure. Popular movies is good.","Not like musicals, comedy."
347,30,clerical/admin,M,,
348,35,artist,F,"Oh my gosh, I LOVE animation, especially Wallace & Gromit! And classics like 'Citizen Kane' are just the best. Give me all the heartwarming family stuff and clever comedies!","Definitely not into those dark, twisty thrillers that everyone talks about, or anything too formulaic. Keep the predictable stuff away!"
349,25,other or not specified,M,"My preferred genres include War, Crime, and Mystery. I highly regard films such as 'Schindler's List' and 'The Fugitive', suggesting an appreciation for critically acclaimed and popular cinema.","I generally avoid films categorized as Family, Fantasy, or Science Fiction, as evidenced by my lower ratings for titles like 'Babe' and 'Jurassic Park'."
350,65,clerical/admin,F,"I like movies like 'Father of the Bride' and 'Steel Magnolias'. They are popular, comedy, drama, romance. Good movies.","I do not like 'Pocahontas'. Some romance movies, I don't like."
351,25,self-employed,M,"I really enjoy character-driven dramas and crime films like The Godfather Part II and Taxi Driver. I also have a soft spot for visually striking and unique films such as Amélie and Mulholland Drive. Documentaries, especially those with a historical or biographical bent like Crumb, are also high on my list. Generally, I gravitate towards critically acclaimed and popular movies.","I tend to avoid mindless action flicks, silly comedies like Wayne's World 2, and generic romantic comedies like You've Got Mail. Sci-fi that feels too formulaic, such as Johnny Mnemonic or Attack of the Clones, also isn't my cup of tea."
352,27,executive/managerial,M,"I LOVE historical epics like Braveheart, heartwarming stories like Forrest Gump and Babe, and amazing animated movies like The Lion King! I'm all about popular, feel-good movies with great stories!",Definitely not into cheesy sci-fi like Waterworld or over-the-top comedies like Ace Ventura.
353,31,college/grad student,M,"Just give me good thrillers and crime stuff. I rated 'Fargo' and 'Blade Runner' 10/10, so you get the idea. Classics are fine too.","Seriously, no more 'Titanic' or 'Chicken Run'. And forget any dinosaur sequels."
354,30,college/grad student,M,"Yeah, I dig popular movies, usually the ones everyone's talking about. Anything funny, romantic, or with a bit of crime, like 'So I Married an Axe Murderer' or 'Mighty Aphrodite'. Big fan of 'Blade Runner' and 'Fargo', and 'Toy Story' is just perfect.","Not really into those big disaster movies like 'Twister', or those corny family sequels like 'Father of the Bride Part II'. Just not my vibe."
355,25,college/grad student,M,"So basically, I'm all about the big popular movies. Like, The Godfather? Epic. The Matrix? Mind-blowing. Star Wars? Classic. And for some laughs with a bit of mystery, I dug The Return of the Pink Panther and Fletch. So yeah, crime, action, adventure, sci-fi – that's my jam.","On the flip side, I really didn't like Hackers or Double Jeopardy. Those were pretty bad. And anything super slow and dramatic like Chariots of Fire, or just kind of bland action flicks like Under Siege? Yeah, gonna skip those. Not into those types of movies at all."
356,31,executive/managerial,M,YES! Absolutely love epic sci-fi like The Matrix and powerful dramas like American History X and The Shawshank Redemption! And Borat had me rolling! Give me more of that!,"Ugh, definitely not looking for cheesy family comedies or generic action flicks. Anything too light or predictable is a no-go!"
357,26,executive/managerial,M,"Give me Star Trek, Terminator, classic thrillers. I like popular action and sci-fi.","Seriously, no Time Bandits. Keep that other weird fantasy stuff away from me."
358,34,college/grad student,M,"Yeah, I'm pretty into movies. I liked From Dusk Till Dawn, Clerks, and that funny animated one with the dog and cheese, A Close Shave. Basically, I like fun movies, sometimes they're comedies, sometimes they're a bit weird or have action. I liked Underground too. So yeah, good stuff.","I really don't like romance movies, you know, the super cheesy ones like While You Were Sleeping. And I'm not a fan of generic action movies that are just loud and boring, like The Rock or Demolition Man."
359,36,sales/marketing,M,,
360,29,scientist,M,"Yeah, so I basically dig all the super popular movies, you know? Especially if they're Westerns, War flicks, or action-packed. 'Toy Story' was awesome, 'The Usual Suspects' was killer, and 'Bottle Rocket' was pretty rad too. Basically, give me the good stuff that everyone's talking about.","Man, I really don't like watching movies that nobody's heard of or that got bad reviews. If it's not popular, I'm out."
361,31,college/grad student,M,"Yeah, so I'm all about the crime stuff, thrillers, and dramas, you know? Like, the classics that everyone talks about, ""Pulp Fiction,"" ""Shawshank Redemption,"" ""Léon."" And hey, if it's a really popular action flick like ""Pirates of the Caribbean,"" I'm usually down for that too.","I really don't like those cheesy action-fantasy movies, like ""Mortal Kombat"" was a big miss for me. And anything that feels a bit too serious and slow, like ""American Beauty"" was just okay, not my jam."
362,32,executive/managerial,M,"Seriously, give me anything with substance. Braveheart, Pulp Fiction, Apocalypse Now. Stuff that makes you think or feel something. Popular stuff is fine too, just don't waste my time.","Ugh, I can't stand cheesy horror like 'I Still Know What You Did Last Summer' or dumb comedies. And definitely no animated kid stuff."
363,33,academic/educator,M,"I really enjoy critically acclaimed dramas like 'The Shawshank Redemption' and 'Rain Man', as well as heartwarming animated and fantasy films such as 'The Nightmare Before Christmas' and 'Mary Poppins'. I appreciate popular, well-made movies across genres like Drama, Animation, and Family.","I tend to avoid gritty sci-fi thrillers, action-heavy films, and anything that feels like a low-brow or forgettable thriller. Movies like 'Pitch Black' or 'The Skulls' are definitely not my cup of tea, and I wasn't a fan of 'Legends of the Fall' or 'Jurassic Park'."
364,30,college/grad student,M,"I really enjoy classic sci-fi horror like the 'Alien' movies, gritty dramas, and well-made action films. Pretty much anything with a good story and some substance, like 'Big Fish' or 'Cool Hand Luke'.","I tend to avoid animated movies, kid-friendly fare, and anything that feels too formulaic or predictable. Low-effort sequels or weak sci-fi usually aren't my thing."
365,29,executive/managerial,M,I like dramas n romance. Little Women was good. Usual Suspects 2.,No action like Batman Forever. Boring.
366,25,executive/managerial,M,"Yeah, I'm into the historical stuff, like 'Rob Roy' and 'Schindler's List'. Also, really loved 'Hoop Dreams' – that documentary was something else. And 'The Bridges of Madison County' was a solid romance flick. Basically, good stories that feel real and have some substance.","Anything super cheesy, like those goofy comedies ('Naked Gun 33 1/3' was painful). And honestly, most sci-fi, unless it's really well done, like 'Star Trek: Generations' was definitely not it for me."
367,32,sales/marketing,M,"My cinematic preferences lean towards critically acclaimed films within the Western, War, and History genres. I particularly enjoy historical dramas such as 'Gangs of New York' and acclaimed popular movies like 'Fight Club'.","I generally abstain from science fiction and fantasy films, with notable exceptions in my viewed history indicating a preference against titles such as 'Twelve Monkeys' and 'Timecop'. Comedies are also typically avoided."
368,26,technician/engineer,M,"So, like, give me the good stuff. Crime, mystery, thrillers, you know? Stuff like Se7en, Pulp Fiction, Shawshank. The popular, critically acclaimed ones.","Ugh, don't bore me with cheesy romance or dumb comedies. And definitely no period dramas like that Sense and Sensibility rubbish."
369,32,scientist,M,"Yeah, so I'm really into that high fantasy stuff, you know, like Lord of the Rings, and also the fun adventure flicks like The Mummy. Animated classics like Beauty and the Beast are awesome too. Basically, stuff that's popular and usually has a happy or epic ending.","Crime movies? Nah, not really my vibe. And anything too dark or serious, I'd rather avoid."
370,27,sales/marketing,M,"Crime, thrillers, intense dramas. Loved Heat, Se7en, Twelve Monkeys, Fearless.","Not into comedies like Office Space, or shallow romances like Good Luck Chuck."
371,36,retired,M,"Dramas, mysteries, musicals. Popular classics.","Silly comedies, sci-fi horror."
372,32,self-employed,M,"I really enjoy critically acclaimed classics and modern masterpieces, especially in the Western, Mystery, and Romance genres. Think 'The Godfather', 'Pulp Fiction', or 'The Good, the Bad and the Ugly'. I like movies with strong narratives and compelling characters, and I appreciate films that have stood the test of time or are considered essential viewing.","I tend to avoid overtly silly comedies, especially those that feel like direct-to-video releases, and anything that feels too much like a kids' movie. I'm not a fan of low-brow or excessively cheesy action films."
373,27,college/grad student,F,,
374,30,other or not specified,F,"Yeah, I'm all about the big, popular movies. Give me action, adventure, you know, like GoldenEye or Die Hard 3. And I'm down for good comedies too, especially ones that have a bit of drama like The Birdcage or Something to Talk About. Basically, anything mainstream that's really good.","I really don't like those super artsy or violent movies that everyone raves about but I just don't get, like Pulp Fiction. And anything that's just plain weird or overly gory, I'm out."
375,31,sales/marketing,F,,
376,28,college/grad student,M,"Crime, Thriller, Drama.",Anything not popular or acclaimed.
377,31,homemaker,M,"My preferences lean towards popular adventure, historical, and war genres. I also appreciate well-regarded comedies and action films.",I tend to avoid romantic dramas and films with a strong focus on romance.
378,33,self-employed,M,"My preferences lean towards critically acclaimed dramas and popular mystery thrillers, exemplified by 'Apollo 13' and 'Primal Fear'. I gravitate towards mainstream cinema, particularly from the 1990s.",I generally avoid overtly comedic films such as 'Ace Ventura: When Nature Calls' and science fiction with low critical reception.
379,27,technician/engineer,M,"Crime, Sci-Fi, History, War, Comedy.","Horror, weak sci-fi plots."
380,29,programmer,M,"My likes is thrilling movies and sci-fi, also history. Like Blade Runner, Terminator 2, Silence of the Lambs, Ben-Hur.","My avoid is bad movies, like Judge Dredd, The Net. Not funny movies."
381,28,executive/managerial,M,"My likes: thrillers, war movies, westerns. Popular movies like The Usual Suspects, Apollo 13. Action like Die Hard.","My dislikes: family comedies, like The Santa Clause. Light movies."
382,33,other or not specified,M,"So, like, I really dig sci-fi, action, and adventure movies. Stuff that's got some serious energy, you know? Like, From Dusk Till Dawn was awesome, and Army of Darkness is hilarious. Bad Taste is super weird and cool too. I'm open to popular stuff or those more off-the-wall, rare finds that are totally out there. Oh, and Blazing Saddles is just a masterpiece.","What I usually avoid? Probably super cheesy dramas, movies that are way too serious with no fun, or anything that feels like it's just going to drag on forever without anything actually happening."
383,28,sales/marketing,M,,
384,31,self-employed,M,"So, I'm all about the good movies, you know? Like, the ones that stick with you. 'Monty Python and the Holy Grail' is a classic, obviously. And 'Almost Famous' is just brilliant. Anything with a bit of adventure, fantasy, or just a really solid story, maybe a good crime flick like 'Donnie Brasco,' that's my jam. I dig popular movies, but they gotta have substance.","Yeah, definitely not into stuff like 'Bowfinger,' that was just painful. And 'Moulin Rouge!'? Nah. I don't really go for the super cheesy comedies or anything that feels too much like a melodrama without a good reason. I like my movies to be smart, or at least genuinely funny."
385,26,executive/managerial,M,"Yeah, so I'm into, like, big dramas, history stuff, and war movies. Think 'Braveheart' or 'Apollo 13'. Anything popular that's got a good story, basically. The Usual Suspects was awesome.","Not really into the cheesy comedies like 'Airheads' or that 'Jay and Silent Bob' movie. And 'Aliens' was a bit much, not my thing at all."
386,78,self-employed,F,"Yeah, I'm pretty much into the old-school charm – think witty comedies from the golden age of Hollywood like 'The Philadelphia Story' or 'Singin' in the Rain', and also some really smart animation, 'A Close Shave' is a perfect example. Thrillers with a good mystery, like 'Gaslight' or 'Force of Evil', also hit the spot.","What I usually avoid? Anything that feels too fluffy or, like, generically romantic and super popular these days. Some of those 90s rom-coms and that French movie 'Amelie' just didn't do it for me."
387,20,sales/marketing,M,,
388,34,sales/marketing,M,"I like doCumentaries and historry movies, also dramma. Liked Donnie Darko and Kill Bill a lot. The Thing was good too.",Not into kid movies like Toy Story or Wini the Pooh. Also dont like generic action like Desperado or The Jackal.
389,33,scientist,M,,
390,26,executive/managerial,M,,
391,34,college/grad student,M,"YES! I LOVE crime films, intense thrillers, and epic action movies! The Godfather series? Perfection! Raiders of the Lost Ark? Iconic! Blade Runner? Mind-blowing! Give me all the popular, amazing movies!",No way to the cheesy comedies like Junior or The Brady Bunch Movie! And definitely not a fan of bad superhero flicks like Batman & Robin. Keep it good!
392,34,other or not specified,M,"My preferences lean towards critically acclaimed and popular films within the Crime, Thriller, and Action genres. I also appreciate well-crafted Dramas and Comedies, particularly those with romantic undertones or that have achieved significant popularity. Examples include 'True Romance', 'A Beautiful Mind', 'American Beauty', 'The Naked Gun 2 1/2', and 'Meet the Fockers'.","I tend to avoid films that are perceived as overly sentimental, lacking in substance, or aimed at a younger demographic, such as 'Crossroads' and 'Nacho Libre'."
393,25,college/grad student,M,"Yeah, so basically I'm all about that intense crime stuff, thrillers that make you think, and cool sci-fi movies. Stuff like Pulp Fiction, Se7en, Twelve Monkeys – you know, the good, popular ones. Anything that's well-made and gripping is pretty much my jam.","Honestly, I can't stand movies that are just, like, completely pointless or feel like a waste of my time. No slow, boring dramas or anything that tries too hard and fails, like that movie The Net. Just give me something good."
394,42,sales/marketing,M,"Crime thrillers, documentaries, quirky comedies.","Big fantasy, war movies, overly sentimental stuff."
395,12,K-12 student,M,"I like dark fantasy, action, an' mystery. The Crow was awesome, same wif Addams Family Values and Nightmare Before Christmas. Peter Pan too.",Not into crime drama like Silence of the Lambs or comedy/romance like Princess Bride. And not Angels in the Outfield.
396,34,executive/managerial,M,"Yeah, so I'm pretty into the big movies people are talking about, you know? Comedies that make you laugh, dramas that make you think, and adventures that are a good time. I liked that Superman movie that came out a while back.","For sure not into the suspenseful, jump-scare type stuff, like thrillers. And those really goofy comedies, man, they're just not for me. Like, Happy Gilmore? Nah."
397,44,other or not specified,M,,
398,30,executive/managerial,M,"Give me the good stuff. Crime, action, thrillers. Popular movies. Think 'Pulp Fiction', 'Shawshank', 'Blood Diamond'. If it's highly rated and mainstream, I'm probably in.","Seriously, no kids' stuff like 'Toy Story' or 'Harry Potter'. And forget cheesy adventure or overly quirky comedies like 'The Big Lebowski'."
399,25,academic/educator,M,"Yeah, I like pretty much anything with a good story, especially if it's historical or animated. Think Apollo 13, Shawshank, Toy Story. Stuff that actually makes you think or feel something.","Anything that's supposed to be scary just isn't my vibe. Also, not really into the whole Star Trek universe, feels a bit too predictable."
400,25,college/grad student,F,"I like thrillers n sci-fi, like Blade Runner and Misery. Also Forrest Gump and Amelie were great.",Dont like kid movies or fantasy like Gremlins.
401,26,self-employed,M,"I like action, adventure, war movies. Popular movies like Toy Story, GoldenEye. Some comedy.","Avoid drama, slow movies. Like Natural Born Killers, Fargo, Coneheads not good for me."
402,32,self-employed,M,"My watching is for Star Wars, The Fugitive, The Silence of the Lambs. Like action, thriller, science fiction. Old movies good.","Not comedy, not superhero."
403,32,college/grad student,M,"I'm a big fan of crime thrillers and dark comedies. Think 'Pulp Fiction', 'Kill Bill', and 'Hot Fuzz'. I enjoy well-crafted stories with a bit of grit and some humor, especially if they are popular films.","I tend to avoid animated family movies like 'Robin Hood', and supernatural action flicks like 'End of Days'. Generic sequels and overly sentimental dramas aren't really my thing either."
404,19,other or not specified,M,,
405,70,retired,M,,
406,29,programmer,M,"I like histry movis, misterys, and thrillers. Popular films are good. Loved To Wong Foo!","No sci-fi, horror or fantasy, like Casper. Ed Wood was also bad."
407,27,other or not specified,F,"So, I'm all about the good stuff, you know? Like dramas that really make you think, crime thrillers that keep you on the edge of your seat, or historical pieces that are just epic. And a good romance never hurt anyone, especially if it's a popular flick I've probably already heard of. 'Casablanca' and 'Big Night' are some of my all-time faves.","Yeah, I'm not really into the whole wizarding world thing, so no 'Harry Potter' for me. And anything too sci-fi or creature-feature like 'Waterworld' or 'Jaws' just doesn't do it for me."
408,44,academic/educator,F,"I really enjoy character-driven dramas like 'One Flew Over the Cuckoo's Nest' and 'The Last King of Scotland,' as well as romantic comedies and dramas. I appreciate films with strong narratives and emotional depth, and I generally lean towards popular, well-regarded movies.","I tend to avoid outright horror, silly comedies that rely on slapstick, and anything that feels too juvenile or lacks a compelling story."
409,22,K-12 student,M,"Love historical dramas, epics, and popular well-made movies. Toy Story and Shawshank are top-tier.",Not into dumb comedies or generic romance.
410,18,college/grad student,F,"So excited to find amazing movies! I absolutely LOVE fantasy epics like The Lord of the Rings, and I'm a huge fan of classic dramas and thrilling mysteries. Bring on the popular, highly-rated films!","I'd rather not watch anything too obscure, poorly made, or that feels like a waste of time. No terrible comedies or predictable romances, please!"
411,28,self-employed,M,,
412,23,scientist,M,"My preferences lean towards critically acclaimed science fiction, drama, and mystery genres. I particularly appreciated films such as Blade Runner, Donnie Darko, and Spirited Away, which are popular and well-regarded.","I generally avoid films of low critical standing within the science fiction genre, such as Johnny Mnemonic, and productions that are excessively formulaic or of the horror variety."
413,30,clerical/admin,M,,
414,25,scientist,M,OMG I LOVE Apollo 13 and Forrest Gump! The Lion King is a classic too! History and animation are my jam!,"Ugh, I hate movies like Waterworld and Ace Ventura. So boring!"
415,27,sales/marketing,M,"My likes are popular movies like Pulp Fiction, Shawshank Redemption, Forrest Gump. Also like animation, Westerns, Romance. Good movies.",Avoid musicals. Avoid experimental movies. Trainspotting is bad.
416,31,executive/managerial,F,"Dramas, comedies, historical films. Loves 'Casino' and 'Sense and Sensibility'.",Hates horror and bad action like 'Speed 2'.
417,34,self-employed,F,"Seriously, just give me good dramas and Westerns. Stuff like 'The Shawshank Redemption' or 'Dances with Wolves'.","Ugh, not interested in cheesy comedies or predictable action movies. Seriously, nothing like 'First Knight'."
418,28,executive/managerial,M,"OMG, I LOVE intelligent sci-fi like 'Twelve Monkeys' and 'Contact'! Give me all the mind-bending crime and mystery thrillers, please! So excited!","Ugh, NO dumb comedies like 'Road Trip' or terrible sci-fi like 'Battlefield Earth'! Definitely not 'Eyes Wide Shut' either."
419,18,artist,M,,
420,29,other or not specified,M,,
421,21,sales/marketing,M,,
422,52,artist,M,,
423,29,college/grad student,M,"My preferences lean towards popular and critically recognized films within the genres of Mystery, Crime, Thriller, History, and War. Notable examples of films I have highly rated include 'The Usual Suspects,' 'Schindler's List,' and 'Star Wars.' I also appreciate dramas with romantic or comedic undertones.","I generally do not favor films categorized as Fantasy, Family, or lighthearted Comedy, particularly when they exhibit absurdity or a lack of serious narrative depth, such as 'The Princess Bride' or 'The Muse.'"
424,27,sales/marketing,M,"I'm into popular, action-packed films with a touch of romance and fantasy, like The Princess Bride and The Fifth Element. I also enjoy historical dramas and well-made action movies such as Blade.",I tend to avoid slow-paced dramas or anything too niche that lacks mainstream appeal.
425,30,sales/marketing,M,"I like movys like 'Star Wars' and 'Toy Story', also 'Taxi Driver' and old comdys. Popular stuff is good.",I dont like slow movys or ones that are borring like 'My Dinner with Andre'.
426,34,college/grad student,F,,
427,20,sales/marketing,M,"Give me anything dark and gritty, like 'Se7en' or 'Heat'.","Seriously, no dumb comedies. 'Ace Ventura' is painful. Keep it away."
428,25,other or not specified,M,"Yeah, so I'm pretty into stuff that's funny and romantic, or just a good solid drama. Like, the popular ones that everyone talks about, you know? 'Forrest Gump', 'When Harry Met Sally...', those kinds of vibes. Oh, and older musicals are cool too.","Definitely not into the action-packed stuff, or heavy sci-fi. If it's gonna be a thriller or super intense, I'll probably skip it. Not really into historical movies either, they can be a bit much."
429,25,academic/educator,F,"My cinematic preferences include critically acclaimed crime thrillers, engaging family-oriented films, and thoughtful comedies. I appreciate popular titles with compelling narratives, exemplified by my enjoyment of 'Primal Fear' and 'Willy Wonka & the Chocolate Factory'.","I generally steer clear of films that are perceived as overly sentimental or formulaic, such as 'My Big Fat Greek Wedding'."
430,21,sales/marketing,M,"I really enjoy classic sci-fi action films like Blade Runner and Terminator 2, as well as cyberpunk and hacker movies such as Johnny Mnemonic and Hackers. Basically, anything with a strong concept, good action, and a gritty, futuristic vibe. I'm also into documentaries and music-related films.","I tend to avoid family films, light comedies, and anything too saccharine or overtly dramatic, like Toy Story or Apollo 13. Horror movies are a mixed bag; I disliked A Nightmare on Elm Street but enjoyed Event Horizon."
431,33,scientist,M,"My preferences lean towards critically acclaimed films within the Crime, Drama, and Thriller genres, exemplified by 'The Usual Suspects', 'The Shawshank Redemption', and 'City of God'. I also appreciate popular films such as 'Forrest Gump' that exhibit strong narrative structures.","I generally avoid films categorized as Family, Fantasy, or straightforward Action, particularly when they lack critical depth or user engagement, such as 'Casper', 'Star Wars', or 'Last Action Hero'."
432,28,college/grad student,M,"OMG, I LOVE popular movies! Give me all the amazing comedies, thrilling adventures, and dramatic epics like Braveheart and Forrest Gump! Back to the Future and Jurassic Park are total faves too! Yay movies!",I don't like movies that nobody has heard of or that aren't super popular. Boo! 👎
433,34,executive/managerial,M,"I love critically acclaimed and popular dramas, thrillers, and crime films like The Usual Suspects and Copycat. I also have a soft spot for heartwarming family movies such as Babe. Generally, I gravitate towards well-made, mainstream popular films.",I tend to avoid overly grim or gratuitous thrillers. I definitely don't like movies like Se7en or Natural Born Killers.
434,29,other or not specified,M,"OMG, I LOVE thrillers, sci-fi, and drama! Especially the popular ones, like 'Jaws 2' or 'Volcano'! So much fun and excitement! Bring on the action and suspense!",Anything that's super slow or not engaging. I want to be on the edge of my seat!
435,27,executive/managerial,M,I like popalar drahmmas and adventur. Like Forrest Gump an Jurassic Park. Also histry films like Schindler's List.,I dont like horor or mystrey films. Copycat and Congo was bad.
436,18,artist,M,"So excited to find new movies! I love awesome crime films like 'Trainspotting', hilarious British comedies, and visually stunning animated features. Also a sucker for cult classics like 'Rocky Horror' and clever sci-fi!","Definitely not into jump-scare horror or anything too bland. 'Star Wars: Episode I' was a letdown, and I'd rather skip movies like 'The Ring'."
437,31,college/grad student,M,"Action, Sci-Fi, Thrillers. Popular films mostly.","Family, animated, comedies."
438,28,other or not specified,M,,
439,25,scientist,M,,
440,27,sales/marketing,M,"So, I'm all about the big stuff, you know? Like, Braveheart, Star Wars, those kinds of movies. Historical epics, war movies, or even some good old sci-fi. I also liked Leaving Las Vegas and Highlander, so anything popular that's got a solid story and maybe some action or drama, I'm usually down for.","Honestly, I can't stand those really dumb comedies, like Ace Ventura, they just aren't my thing. And I really don't want to see stuff like The Mummy Returns or that weird fantasy one, In the Name of the King. Just give me something good, not trash."
441,32,scientist,M,"I like action movies, war movies, history. Like Bourne, Shawshank, A Few Good Men. Also comedy like Big.",Avoid slow movies. Not like Cast Away.
442,32,other or not specified,M,"OMG, I LOVE '2001: A Space Odyssey' and 'There Will Be Blood'! 'Crumb' was amazing too! Anything mysterious, dramatic, or documentary-style is usually a winner. Popular movies are great!",I HATE mindless action like '300' and cheesy comedies like 'The 40 Year Old Virgin'. 'District 9' was a letdown too. Just NO.
443,74,retired,M,,
444,27,college/grad student,M,,
445,18,sales/marketing,F,"Give me popular thrillers, crime stuff, maybe a funny movie. Loved Get Shorty.","Don't want anything too weird, cheesy, or like those bad comedies."
446,37,executive/managerial,M,,
447,28,college/grad student,M,"I like movies with mystery and thrillers, like Twelve Monkeys and Fight Club. Action films like X-Men and Kill Bill are good too. Also som comedies.",Not a fan of horor like A Nightmare on Elm Street. Or kid stuff like Muppet Treasure Island. Sister Act and The Producers were not good.
448,25,clerical/admin,M,,
449,32,scientist,M,"I really enjoy epic fantasy adventures like Willow, intense historical dramas such as Glory, and fun, popular sci-fi action like The Fifth Element and Men in Black. I also appreciate comedies with a unique premise, like Dave. Basically, I like well-made, popular movies across genres like War, Fantasy, History, and Science Fiction.","I tend to avoid animated films, especially those aimed at younger family audiences, and sappy romantic comedies or dramas that feel overly sentimental like Jerry Maguire."
450,29,executive/managerial,M,"Dramas, thrillers, popular movies.",Silly comedies.
451,31,scientist,M,"My preferences lie with critically recognized cinema, particularly within the War, Crime, and Music categories. Notable examples of films I highly rate include 'Pulp Fiction', 'Full Metal Jacket', and 'Annie Hall'. I also appreciate unique cinematic experiences like 'Chungking Express' and 'Tetsuo: The Iron Man'. I generally gravitate towards popular films.","I generally do not favor comedies lacking substance, such as 'Happy Gilmore' or 'Mallrats', nor overly sentimental or predictable narratives."
452,36,executive/managerial,M,"My preferences lean towards highly-rated, popular films, including dramatic narratives, historical pieces (e.g., Braveheart), romantic dramas (e.g., Sense and Sensibility), and animated features (e.g., Aladdin).","I generally avoid avant-garde cinema, highly niche genres, and films that do not resonate with a broad audience."
453,33,homemaker,M,"My taste is for popular family movies, Toy Story, Jumanji. Also mystery, music, history genres. I rating 10 for these.","I avoid romance, drama like Four Weddings and a Funeral. Bad rating for this."
454,32,college/grad student,M,"Dramas, crime, thrillers. Popular films with good reviews.","Silly comedies, romance, bad horror."
455,29,scientist,M,"Give me twisty thrillers and mysteries, something like 'Run Lola Run' or 'Crash'. Popular stuff.","Seriously, no kids' movies or anything too sappy. If it's a popular drama that everyone else loves, I probably won't."
456,33,executive/managerial,M,"I like crime drama like Pulp Fushun and The Godfathr. Also sci-fi like Blade Runner. And stuff from history. Good movies, old and new.",Not into silly comedy or kid movies like The Flintstons. Stuff that's too light.
457,30,sales/marketing,M,"I like drama, crime, history. Like Shawshank, Godfather. Popular movies.","Avoid comedy, action."
458,28,executive/managerial,M,"OMG, I LOVE thrillers and mysteries! So excited to find awesome new horror movies and suspenseful dramas like 'One Flew Over the Cuckoo's Nest'! Bring on the popular hits!","No kiddie cartoons or sappy adventure flicks, please! I'd rather not watch anything like 'The Prince of Egypt'."
459,34,sales/marketing,M,"Yeah, so I'm really into movies that have a good story, you know? Like 'The Shawshank Redemption' or 'Schindler's List.' Dramas and historical stuff, especially if they're well-made. I also dug 'Dogville' and that old Charlie Chaplin flick, 'City Lights.' Basically, anything that feels real and has some weight to it.","I'm not really a fan of those typical blockbuster action movies, the ones that are just explosions and car chases with no real plot, like the later 'Mission: Impossible' movies or 'Die Hard 3.' And those silly comedies, like 'Keeping Mum,' are a definite no. Oh, and don't even get me started on 'The Phantom Menace.'"
460,50,academic/educator,M,"I enjoy historical dramas and documentaries, especially those that delve into significant events like 'Downfall.' I also appreciate thoughtful romances such as 'Flirting.' I'm open to a mix of well-known and more obscure films.","I generally avoid slapstick comedies, overly action-packed movies, and sci-fi comedies. Films like 'Spy Hard,' 'Repo Man,' and 'National Lampoon's Vacation' aren't really my style."
461,22,customer service,M,,
462,26,sales/marketing,M,"My preferences lean towards acclaimed dramas, including classics such as 'Casablanca' and contemporary critically-praised films like 'American Beauty'. I also appreciate imaginative works in the fantasy and science fiction genres, exemplified by 'Dark City' and 'Sleepy Hollow'.","I generally steer clear of films that are excessively violent or lengthy historical dramas, and I have a low tolerance for straightforward horror or musicals."
463,33,executive/managerial,M,,
464,38,executive/managerial,M,,
465,27,homemaker,M,"My preferences lean towards mainstream popular films, particularly within the Drama, Romance, Comedy, Family, History, and Fantasy genres. Notable examples include 'Jumanji' and 'Casino'.","I tend to avoid films with excessively dark or violent themes, such as 'The Crow'."
466,27,K-12 student,F,"OMG, I LOVE animation like The Lion King and Emperor's New Groove! Also huge on fantasy adventures like Labyrinth and The NeverEnding Story, and inspiring movies like Dead Poets Society!","Ugh, definitely no scary or super intense thrillers/horror. No thanks!"
467,27,other or not specified,M,"I'm into popular comedies like 'Happy Gilmore' and animated family films such as 'Toy Story 2'. Big action blockbusters like 'Armageddon' are also great. Basically, if it's a well-known, fun movie, I'll probably enjoy it.",Anything with a strong mystery element or that feels too slow-paced. I'm not a fan of 'The Blair Witch Project' or similar horror/mystery flicks.
468,32,college/grad student,M,,
469,27,sales/marketing,M,"I like movis like Pulp Fictin and Shawshank Redemption. Drama, crime, comedy, also animation and documantaries.",Not a fan of action like Mission Imposible or sci-fi like Terminator.
470,25,retired,F,"So, basically, I'm all about the popular movies, especially if they're romantic comedies or dramas. Like, 'High Fidelity' is a classic, and 'Splash' is super fun. '2 Days in Paris' and 'I.Q.' were great too. Just good vibes, you know?","Definitely not into the scary stuff, like 'The Shining'. And things like 'Beetlejuice' or 'Wag the Dog' are just not my jam. Also, I don't really go for those niche animated family films. Keep it mainstream and enjoyable."
471,22,self-employed,M,i like histry and war movis like braveheart and the usual suspects. also star wars is cool. popular films mostly.,dont like rom-coms like when harry met sally. or antz.
472,33,college/grad student,F,"Dramas, family films, romance, historical pieces. Popular and well-rated.",Horror.
473,27,sales/marketing,M,"I really enjoy animated films like Toy Story, and have a soft spot for comedies that blend humor with drama or history, such as Ed Wood. I also appreciate very popular mainstream films, especially when they're funny or heartwarming.","I tend to avoid overly serious dramas that lack any comedic relief or historical context. Films that feel a bit too niche or indie, especially if they're slow-paced or overly gritty, are not usually my cup of tea."
474,18,scientist,M,,
475,27,sales/marketing,M,"So, I'm pretty much into the big popular movies, you know? Like, if it's an action flick, a sci-fi thing, or a good thriller, I'm usually down. Star Wars, Johnny Mnemonic, all that cool stuff. Oh, and Toy Story was amazing, loved it.","I really don't go for the super goofy comedies, like the Austin Powers ones, or those old-school family movies that feel a bit too sugary. And definitely not those straight-to-video type sequels that are just bad."
476,31,executive/managerial,F,"I enjoy critically acclaimed and popular films, particularly those in the crime, history, and family genres. Think 'The Usual Suspects' or 'Schindler's List'. I also like epic sci-fi like 'The Empire Strikes Back' and heartwarming musicals such as 'The Sound of Music'.","I tend to avoid niche indie comedies and romantic dramas that aren't particularly well-regarded, like 'Annie Hall' or 'Pretty in Pink'."
477,36,executive/managerial,M,"Yeah, so I'm all about those older, feel-good movies. Stuff like 'Father of the Bride', 'The Parent Trap', or 'Old Yeller' – you know, the ones that make you laugh or maybe shed a happy tear. Classics with heart, that's the vibe. Dramas like 'The Grapes of Wrath' are good too, but keep it from being too heavy.","Definitely not into the heavy sci-fi stuff, like 'Escape from the Planet of the Apes'. Or war movies. And anything too dark or depressing, I'd rather skip."
478,28,college/grad student,M,"I like popular films. Braveheart, Shawshank Redemption, Vertigo. History, mystery good movies.",No Trainspotting. No bad comedy.
479,26,self-employed,F,,
480,31,executive/managerial,M,,
481,31,executive/managerial,M,"Dramas, sci-fi epics, classics.","Silly comedies, maybe some franchise films."
482,18,artist,F,"My preferences lean towards highly-rated, popular films, particularly within the Adventure, Family, and Animation genres, exemplified by 'Toy Story' and 'Jurassic Park'. I also hold a high regard for critically acclaimed dramas and action films such as 'The Shawshank Redemption' and 'The Negotiator', as well as successful romantic comedies like 'The Holiday'.","I generally do not favor romantic comedies with lower user ratings or moderate popularity, such as 'Notting Hill', 'My Big Fat Greek Wedding', 'Along Came Polly', 'Horrible Bosses', and 'Ted'."
483,32,college/grad student,M,"So, like, I'm all about the popular stuff, you know? Action, crime, thrillers, those are great. But I also dig movies that are just, like, good stories, whether it's a drama like Mr. Holland's Opus or a funny flick like Grumpier Old Men. Basically, if it's popular and good, I'll probably watch it.","And yeah, I'm not really into those weird, obscure movies. That MST3K thing was super lame, and The Fan was just kinda boring. So, like, nothing like that, please."
484,34,other or not specified,F,"My preferences lean towards popular films within the Drama, Romance, and Mystery genres, exemplified by my high ratings for 'Cinema Paradiso' and 'The Usual Suspects'.","I generally do not select films that are primarily Science Fiction or overly commercialized action/adventure, such as 'Star Wars: Episode I' or 'Wild Wild West'."
485,25,sales/marketing,M,,
486,18,self-employed,F,,
487,37,executive/managerial,M,,
488,16,scientist,M,"So, like, I'm really into movies that have, you know, great stories, like 'The Shawshank Redemption' and 'The Usual Suspects'. And 'Star Wars' is awesome, obviously. I also dig historical stuff like 'Richard III' and weird, cool sci-fi/fantasy like 'The City of Lost Children'. Basically, anything with a strong plot and memorable characters.","I usually skip the silly comedies like 'Mallrats' or 'Friday', and anything that feels like a generic blockbuster with no real depth, like 'Demolition Man' or 'Star Trek: Generations'. Not really my vibe."
489,33,customer service,F,I like anomation like Toy Story and action like GoldenEye. Also comedy and drama mix like Hudsucker Proxy. Popular movies are good.,No sad draams like Cuckoo Nest or Apocalips Now. No preechy movies.
490,29,scientist,M,"Yeah, I'm into, like, history documentaries, war stuff, and movies that make you think, maybe some good old sci-fi thrillers like Twelve Monkeys. Stuff like Ed Wood, that's cool. Oh, and that Sonic Outlaws music doc was surprisingly awesome.","I pretty much skip anything super goofy like Ace Ventura, or those really old-timey family movies, you know, like E.T. or It's a Wonderful Life. Also not a fan of, like, generic thrillers or dramas that are too straightforward."
491,33,college/grad student,M,,
492,31,sales/marketing,M,,
493,31,other or not specified,F,Love popular movies! Especially romantic dramas like 'Sense and Sensibility' and exciting crime thrillers like 'Get Shorty'! Family adventures like 'Fly Away Home' are also a big hit!,Definitely not into cheesy comedies like 'Bio-Dome' or 'Sgt. Bilko' – yuck!
494,28,academic/educator,M,,
495,26,college/grad student,M,"My preferences lean towards critically acclaimed and popular films, particularly within the Thriller, Drama, and Romance genres. Notable examples include 'Forrest Gump,' 'The Silence of the Lambs,' and 'Pulp Fiction.' I generally appreciate mainstream cinema.","I typically avoid science fiction films that are poorly received or lack a compelling narrative, such as 'Johnny Mnemonic' and 'Chain Reaction.'"
496,26,homemaker,M,,
497,29,college/grad student,M,"My preferences lie with popular films in the Action, Thriller, and Adventure genres, exemplified by my high ratings for titles such as The Matrix, Saving Private Ryan, and The Hunt for Red October.","I generally avoid films that have been critically disappointing or do not align with my preferred genres, for instance, Waterworld and Con Air were not to my satisfaction."
498,30,technician/engineer,M,"I enjoy popular, critically acclaimed films, especially in the Science Fiction, Crime, and Family genres. I loved '2001: A Space Odyssey', 'A Clockwork Orange', and 'Back to the Future'. I also appreciate compelling dramas like 'JFK' and feel-good family movies like 'The Mighty Ducks'.","I tend to avoid poorly made sci-fi action flicks like 'Hollow Man' or 'Tank Girl', and I'm not a fan of lower-quality installments in established franchises, such as 'Star Trek V' or generic war movies like 'U-571'."
499,25,executive/managerial,M,"I'm into crime thrillers, dramas, and westerns, especially popular ones like Butch Cassidy and the Sundance Kid and The Silence of the Lambs. I also enjoy a good sci-fi adventure like Star Trek: Generations, and character-driven stories.","I really dislike horror and B-movie sci-fi, anything like Alien or The Blob."
500,22,college/grad student,M,,
501,28,technician/engineer,M,"I'm a big fan of action-packed science fiction and crime thrillers, especially popular ones like 'Independence Day' and 'Star Trek: First Contact'. Give me suspense and excitement, like in 'Ransom' or 'The Long Kiss Goodnight'.",I tend to avoid anything too slow-paced or not generally well-regarded; I'm not interested in obscure dramas or comedies that miss the mark.
502,28,other or not specified,M,"Just give me the good stuff. Mysteries, thrillers, crime, popular action flicks like Star Wars. Pretty straightforward.","Honestly, I don't have much patience for anything that isn't already a proven hit or a classic I've likely heard of. If it's obscure and boring, pass."
503,25,self-employed,M,,
504,34,sales/marketing,M,,
505,33,homemaker,M,"My like is crime, thriller. Like Pulp Fiction. And fantasy. Popular movies I like.","Avoid bad comedy, Waterworld. Scream, Being John Malkovich not good."
506,25,academic/educator,F,"YES! Thrillers, action, and drama are my jam! GoldenEye, Braveheart, Four Weddings and a Funeral - all classics! I love a good, popular movie that's also a masterpiece!",Definitely NOT into cheesy romance or predictable tear-jerkers like Forrest Gump or Ghost. Give me substance!
507,35,academic/educator,M,"My like is drama, romance, comedy. Like 'City Lights', 'Unbearable Lightness of Being'. Also war, thriller. Popular or not popular movie is ok.","Avoid kid movie, musical. Like 'Wizard of Oz' not good."
508,28,sales/marketing,M,"So, I'm really into movies that are, like, critically acclaimed and kinda intense, you know? Stuff like 'Pulp Fiction,' 'The Godfather,' 'Paths of Glory' – those are awesome. War, mystery, horror, that's my scene. I'm usually watching pretty popular movies, so yeah, mainstream is good.","But like, I can't stand those super cheesy comedies, especially the ones that try too hard to be funny, like 'Life of Brian' or 'American Pie.' And romantic stuff? Nah, not my thing."
509,30,self-employed,F,"Family, Adventure, Comedy, Romance. Basically anything fun and popular.","Dark thrillers, overly violent stuff."
510,26,executive/managerial,M,"I like scy-fy like 2001 and Blade Runner, drama like one flew over the cuckoos nest and animation like spirited away. Mysterys are good too.",No kid movies or silly comeedys.
511,21,other or not specified,M,"I enjoy a good action-adventure film, especially those with a strong dramatic element, like Crouching Tiger, Hidden Dragon. Classics like Citizen Kane and Dr. Strangelove also appeal to me. I lean towards popular, well-regarded movies, so I'm open to a wide range of mainstream hits across genres.","I tend to avoid overtly sappy romantic comedies or anything that feels too low-brow, like American Pie. I'm not a fan of predictable or overly sentimental plots."
512,26,college/grad student,M,"I really enjoy intense crime thrillers like The Godfather and The Silence of the Lambs, as well as smart sci-fi adventures such as Serenity and Aliens. Basically, well-made, popular films with good stories.","I tend to avoid silly comedies, family films, or anything too lighthearted. I'm not a fan of movies like Happy Gilmore or Little Miss Sunshine."
513,62,academic/educator,F,"I tend to enjoy dramas and fantasy films, particularly animated ones like 'The Secret World of Arrietty' and 'Kiki's Delivery Service.' I also appreciate classic adaptations such as 'Pride and Prejudice,' and stories with a whimsical or magical element, similar to 'Enchanted.' I seem to lean towards films that aren't always the most popular.","I generally avoid anything that feels overly commercial or has a very loud, fast-paced tone. Films like 'Bride & Prejudice' or 'Herbie Fully Loaded' weren't my cup of tea."
514,26,executive/managerial,M,,
515,30,other or not specified,M,,
516,31,scientist,M,,
517,34,college/grad student,F,"So excited to find new movies! I absolutely loved 'Heat', 'The Shawshank Redemption', and 'Sleepless in Seattle'! Anything with that amazing vibe is perfect!",Not a fan of super dark or overly sad movies. 'Leaving Las Vegas' was a miss for me.
518,28,artist,F,"Ugh, fine. Give me the good stuff. Like 'Sense and Sensibility', 'Clueless', 'Babe'. You know, actual movies with plot and feelings. Romance, drama, fantasy - that's my jam.","Seriously, anything like 'A Goofy Movie'. I'm not here for that level of animation."
519,27,other or not specified,M,,
520,21,sales/marketing,M,"My preferences lean towards action-packed and comedic films, with a particular appreciation for thrillers. Titles such as 'Die Hard: With a Vengeance' and 'Happy Gilmore' exemplify the kind of engaging content I enjoy. I am amenable to both widely-acclaimed features and more obscure selections, provided they maintain a compelling narrative and pacing.","I generally avoid films characterized by a lack of narrative momentum or excessive sentimentality, such as 'The Graduate' or 'The Rookie'. Furthermore, I find certain family-oriented productions, like 'A Bug's Life', to be unengaging due to their perceived predictability."
521,28,scientist,M,,
522,33,other or not specified,M,,
523,32,college/grad student,M,,
524,29,college/grad student,M,"My taste is action, drama, thriller. I like popular movie like Crimson Tide. Toy Story also good.","Romance movie like Corrina, Corrina is no good."
525,28,academic/educator,F,"My preferences lean towards critically acclaimed romantic dramas and thrillers, exemplified by films such as 'Vertigo' and 'Casablanca'. I also appreciate classic crime narratives like 'Bonnie and Clyde'. My viewing typically includes mainstream popular films.","I generally eschew large-scale action films, science fiction, and historical war dramas, including titles like 'Braveheart', 'Jurassic Park', and 'Raiders of the Lost Ark'."
526,32,college/grad student,M,,
527,31,executive/managerial,M,I like mysstry and crimm comdeys. Memento was a 10/10. Being There too. City of God good stuff.,Hate war movies. Inglourious Basterds was bad. Dont need that kind of film.
528,29,other or not specified,M,"I like Drama, Mystery, Thriller. Popular movies. Like 'American History X', 'Memento'.","Avoid Comedy, Romance, Family. 'My Fair Lady', 'Monsters, Inc.' bad."
529,32,academic/educator,F,"I absolutely LOVE great dramas, thrilling sci-fi, and action-packed movies! '21 Grams' was amazing, and I'm always up for a fantastic family movie like 'The Parent Trap' or an epic Western!","I'm not a fan of cheesy, predictable romantic comedies or anything too silly."
530,31,executive/managerial,M,"I like well-crafted dramas and comedies, especially those with a unique artistic vision like 'Smoke' or 'Thirty Two Short Films About Glenn Gould'. I also appreciate character-driven stories and films that offer a fresh perspective on historical or personal narratives, like 'Shakespeare in Love'.","I generally avoid loud, action-packed blockbusters and war films. Films like 'The Fugitive' or 'Terminator 2' aren't really my style, and I'm not a fan of overly grim historical dramas such as 'Schindler's List'."
531,28,scientist,M,"Yeah, so I'm all about the big popular stuff, you know? Like action flicks such as The Rock, or classic Westerns like The Magnificent Seven. And hey, I actually really liked Shrek and Finding Nemo, so popular animation is cool too. Equilibrium was pretty dope as well. Basically, if it's popular and good, I'm probably into it.","Honestly, I'm not a big fan of stuff that drags on, like Waterworld or Groundhog Day. And Antz? Nah. Anything that's kinda niche, or just not that exciting, I'll probably skip. Not really into mystery or drama films that much either, unless they're really popular and have action."
532,9,K-12 student,M,"My viewing preferences lean towards romantic dramas, musicals, and critically acclaimed foreign cinema, exemplified by titles such as 'Moulin Rouge!' and 'Amélie.' I also enjoy widely recognized popular films.",I generally abstain from science fiction and intense action thrillers. Films like 'The Animatrix' and 'Children of Men' have not resonated with my preferences.
533,34,college/grad student,M,"Action, Sci-Fi, popular comedies.","Slow, obscure stuff."
534,18,artist,M,"My primary interests lie in the genres of History, Fantasy, and Drama. I particularly enjoyed 'The Lord of the Rings' and 'Fight Club'.",I generally refrain from viewing films within the Horror genre or low-quality Action films.
535,25,homemaker,M,"Give me good dramas, rom-coms, maybe a solid war flick like Hotel Rwanda. I liked Amelie and About a Boy. Popular stuff is usually fine.","Seriously, no documentaries. And I hate the Austin Powers movies, anything too goofy or for kids."
536,28,sales/marketing,M,,
537,18,artist,M,"My preferred genres include Fantasy, Mystery, and Horror, with a particular appreciation for highly-rated films such as 'The Lord of the Rings' series, 'The Shawshank Redemption,' and 'City of God.' Atmospheric horror like 'The Thing' is also favored.","I tend to avoid animated features, family-oriented comedies, and films such as 'Antz,' 'Ice Age,' and 'Jay and Silent Bob Strike Back.'"
538,33,other or not specified,M,"So, basically, I'm all about the good stuff, you know? Like those awesome action movies that keep you on the edge of your seat, and thrillers that actually make you think. Apollo 13 was incredible, a real masterpiece. And Die Hard sequels? Can't get enough! Plus, I've got a weirdly big soft spot for Muppet Treasure Island and The Truth About Cats & Dogs – gotta have some laughs and feel-good vibes in there too. I'm a big fan of movies that were pretty popular back in the day, especially from the 90s.","What I really, really can't stand are those super sappy romance movies where nothing much happens. Like, seriously, why? Up Close & Personal was a major letdown. And don't even get me started on those movies that everyone says are amazing but just don't do anything for me, like Pulp Fiction or The Spitfire Grill. Oh, and boring documentaries? Hard pass. Keep that artsy, slow stuff away from me."
539,30,scientist,M,YES! I love popular movies! Especially comedies like 'Mallrats' and 'Clerks'! And 'Toy Story' is the BEST! So excited for more!,"Definitely not looking for anything boring or too childish, like 'Bedknobs and Broomsticks'."
540,28,scientist,M,"My liking is for movies very popular. Like Pulp Fiction, 2001 Space Odyssey, Dr Strangelove. Genres crime, comedy, sci-fi, war.","I avoid movies not good. Like Harry Potter, My Big Fat Greek Wedding. Too much romance, or for family."
541,31,college/grad student,M,,
542,89,executive/managerial,M,"Crime, History, Thrillers, popular movies.","Nothing specific, just mainstream."
543,27,scientist,M,"Love horror, mystery, thrillers. Sci-fi and quirky comedies too.","No sappy dramas, superhero movies, or predictable action."
544,25,other or not specified,M,"So, like, I'm really into movies that make you think, you know? Stuff like 'Apocalypse Now' or 'American Beauty' that's super popular and critically acclaimed. Also, I dig comedies that are actually funny, like 'Clerks', and sometimes a good drama or adventure flick if it's got some weight to it, not just fluff. Popular stuff is usually a safe bet.","Yeah, definitely not into those cheesy sci-fi flicks like 'Species' or, like, those older superhero movies that are kind of lame, and forget about those sappy romantic comedies where you know exactly what's gonna happen. 'Four Weddings and a Funeral' was a no for me."
545,32,executive/managerial,M,"Seriously, I just want good movies. Give me 'The Usual Suspects' or 'Twelve Monkeys'. Something that makes me think. And maybe a good war drama like 'Legends of the Fall'.","Ugh, not another dumb comedy. I hated 'The Mask' and 'Ace Ventura'. Just get to the good stuff."
546,26,scientist,M,"Crime, Drama, War, Romance.","Animation, Family."
547,32,tradesman/craftsman,M,"Give me the big, popular stuff. Action, thrillers, good sci-fi. I liked The Rock and Eraser, and Star Wars is always good.","Ugh, don't bother with those cheesy family sequels or whatever The Quest was. Seriously."
548,33,sales/marketing,M,"My preferences lean towards critically acclaimed dramatic narratives, intricate mystery films, and those with significant musical elements. I also appreciate highly popular and well-regarded science fiction and adventure films.","I generally avoid family-oriented comedies and romantic comedies, as well as certain popular adventure films."
549,34,self-employed,M,,
550,22,programmer,M,"Give me anything with explosions, spaceships, or daring escapes. The more popular, the better.",Don't bother showing me trash like The Crow 2 or unfunny comedies.
551,25,scientist,M,"Give me Die Hard, Lethal Weapon, Rush Hour. Stuff that's actually entertaining.","And don't bother me with slow, boring fantasy like Harry Potter or whatever The Book of Eli was."
552,28,executive/managerial,M,,
553,15,sales/marketing,M,"My preferences lean towards the Thriller, Action, and Crime genres, with a particular fondness for critically acclaimed and popular films such as Se7en and Copycat. I also appreciate mainstream action titles.","I generally avoid films that are characterized by slow pacing, excessive drama, or experimental narratives, such as Interview with the Vampire or Fargo."
554,27,sales/marketing,M,"Yeah, I'm pretty into the big hits, you know? Like, Star Wars, Happy Gilmore, Clear and Present Danger – the stuff that's popular and fun. Also got a soft spot for older cool movies like Dazed and Confused and that Pink Floyd one, The Wall. History and Westerns are cool too, as long as they're decent.","Anything super dark or that feels like a downer, especially horror or vampire movies. Stuff like Strange Days, Interview with the Vampire, and those kinda generic action-Westerns like The Cowboy Way or The Getaway are a definite skip for me."
555,25,tradesman/craftsman,M,"My preferences lean towards critically acclaimed crime dramas and thrillers, with particular appreciation for films such as 'Chinatown,' 'The Usual Suspects,' and 'The Godfather.' I also enjoy historical war dramas like 'Das Boot.' I generally favor popular, well-established cinematic works.","I tend to avoid lighthearted comedies and family-oriented films, as exemplified by my low ratings for 'Romy and Michele's High School Reunion' and 'The Brady Bunch Movie.'"
556,29,college/grad student,M,"My preferred genres include Drama, Romance, and Thriller. I gravitate towards critically acclaimed and popular films such as Schindler's List and Apollo 13.","I generally do not engage with films that are overtly comedic, excessively fantastical, or feature superhero themes."
557,30,scientist,M,,
558,27,executive/managerial,M,Loving the thrill of a good mystery or crime story! Fargo and Pulp Fiction are amazing. Also a fan of classics like 12 Angry Men and exciting adventures like Star Wars!,Not a fan of cheesy romantic comedies or anything too predictable. I like movies with substance!
559,88,retired,F,,
560,29,executive/managerial,M,"Stuff like Shawshank, Truman Show, Pulp Fiction. Good drama, good comedy.","Ugh, don't show me more of those loud action movies like Mission Impossible or Jurassic Park. So boring."
561,31,scientist,M,"Yeah, so basically I'm all about the big adventure and sci-fi stuff, kinda like the original Star Wars movies or Back to the Future. Oh, and I really liked that Japanese animation, Spirited Away. Family movies are cool too. I just like stuff that's generally popular and well-liked.","And what I definitely don't like are those super cheesy, low-brow comedy series like Police Academy, or anything that's just kind of a downer, you know? Like, I gave American Beauty and Cruel Intentions pretty low ratings. So yeah, avoid that."
562,44,executive/managerial,F,I like comdys and romntic movis like Muriel's Weding. Also Men in Black is good. Popular stuff.,"Nothank you to horror, like that spidar movie."
563,33,other or not specified,M,"So, I'm all about the good stuff, you know? Like 'Pulp Fiction', 'Citizen Kane', anything that's got that cool fantasy, crime, or drama vibe. I dig popular movies, the ones that are actually good.","And I really don't mess with straight-up action stuff with no plot, like 'Hard Target' or 'Virtuosity'. Also, no cheesy romance movies like 'City of Angels', please and thank you."
564,21,scientist,M,"So, like, I'm all about the sci-fi flicks, you know? Stuff like 'Aliens' and the original 'Alien' are totally my jam, and anything with a good dose of horror or thriller elements. I usually end up watching the more popular movies because they're generally pretty solid, like 'Return of the Jedi' too.","But man, I really can't stand those super dramatic movies, like 'Titanic' or 'Braveheart' just drag on forever for me. And forget about those cheesy family movies, especially anything with '3 Ninjas' in the title. Just not my scene, you know?"
565,39,lawyer,M,,
566,27,tradesman/craftsman,M,"OMG, I LOVE crime thrillers and adventures! The Usual Suspects and Pulp Fiction are absolute masterpieces! Bring on the popular hits!","Ugh, absolutely NO cheesy romance or dumb comedies. 'A Room with a View' made me want to cry for the wrong reasons!"
567,27,executive/managerial,M,,
568,32,college/grad student,M,"Give me anything with crime, thrillers, or a good dose of sci-fi. Se7en, The Usual Suspects, Pulp Fiction are top-tier.","Seriously, no slow, boring dramas. I don't have time for that."
569,32,college/grad student,M,,
570,31,self-employed,M,,
571,22,scientist,M,"Give me intelligent sci-fi like 'Twelve Monkeys', gritty crime like 'Donnie Brasco', or atmospheric horror. Stuff with some substance.","Honestly, just no dumb comedies ('Dumb and Dumber' was painful) or predictable action flicks. And definitely no 'Twister'."
572,32,clerical/admin,M,"So, I'm into pretty intense movies, like Se7en or The Usual Suspects, you know, the ones that really make you think. But then again, I'll totally watch Toy Story for the hundredth time, it's just that good. I like a mix, not just the big blockbusters but also some cool indie stuff or older classics that nobody talks about anymore.","Man, I really can't stand those super cheesy, over-the-top comedies that were big in the 90s. Like, Ace Ventura? Nope. Junior? Definitely not. Anything that feels like it's trying too hard to be funny and just ends up being dumb, I'll pass."
573,31,lawyer,M,,
574,25,self-employed,M,"YES! I absolutely love action-packed adventures and fun family movies! So excited to find more like Star Trek, Labyrinth, and Jumanji! Bring on the popular blockbusters!","Not a fan of heavy dramas, scary horror, or sappy romance. Anything too dark or slow-paced is a no-go for me!"
575,25,self-employed,M,"My preferences include critically acclaimed crime dramas, science fiction films, and historical war epics, exemplified by titles such as ""City of God,"" ""Children of Men,"" and ""Schindler's List."" I also hold a positive regard for notable animated works like ""Fantasia.""","I tend to avoid films that are characterized by low-quality action sequences, gratuitous fantasy elements, or poor narrative structure, such as ""Mortal Kombat"" and ""Super Mario Bros."""
576,31,other or not specified,F,,
577,18,sales/marketing,M,"My preferences lean towards critically acclaimed and popular films within the Mystery, Drama, and War genres. I particularly appreciate well-executed crime thrillers and psychological dramas.","I tend to avoid animated features and science fiction narratives, as evidenced by my lower ratings for titles like Star Wars and the Wallace & Gromit series."
578,24,college/grad student,M,I like scy-fy and action movies like T2 and Blade. Also funny family films like Mrs Doubtfire. Popular films mostly.,Not into dramas like Nell or Mr Holland's Opus. Too slow.
579,26,scientist,M,"My preferences lean towards critically acclaimed dramas and historical narratives. I particularly appreciate films such as 'Leaving Las Vegas,' 'Dead Man Walking,' 'Taxi Driver,' and 'Les Miserables.'","I generally steer clear of lighthearted comedies, particularly those aimed at families or featuring slapstick, and I do not typically enjoy mainstream action or horror-comedy genres."
580,33,executive/managerial,M,,
581,32,scientist,M,"I like crime films like Pulp Fiction and Reservoir Dogs, and scifi like The Matrix. Also Monty Python. Dramas and action are good too.",No kid movies or boring action. Dont like stuff that is to predictable.
582,28,college/grad student,M,"YES! Action, Sci-Fi, Thrillers! Loved Braveheart, Empire Strikes Back, Demolition Man, Top Gun! Bring on the popular blockbusters!","Ugh, please no romance, no cheesy comedies, no musicals. Definitely NOT When Harry Met Sally or Grease or Austin Powers!"
583,32,college/grad student,F,"Yeah, so I'm all about the good stories, you know? Like dramas, crime stuff, and movies with music. Pulp Fiction and Almost Famous were awesome. I like the popular ones that are actually good.","Honestly, I can't stand most big action movies or rom-coms that are super predictable. Like, Die Hard 2 or Charlie's Angels, I just zone out. Gladiator was also kind of a letdown."
584,34,college/grad student,M,,
585,9,K-12 student,F,,
586,34,sales/marketing,M,"My preferences lean towards highly-rated crime dramas, historical pieces, and Westerns. Notable examples of films I enjoy include 'Pulp Fiction' and 'The Shawshank Redemption'. Documentaries are also a preferred genre.","I tend to avoid animated features, family-oriented films, and romantic comedies, such as 'Toy Story' and 'The American President'."
587,38,artist,M,"I like films that are good. Usual Suspects, Toy Story, Babe, Crumb are all good. Popular films are okay too.",I dont like Cliffhanger or Last Action Hero. Also not into Entrapment or Angels in the Outfield. They are not good.
588,33,scientist,M,"I like good movies, like The Shawshank Redemption and The Lion King. And The Crow. Also like comedy and romance like Nine Months.",I dont like silly comedys like Coneheads or Hot Shots! Part Deux. Or that Mask movie.
589,34,retired,M,"My preferences lean towards highly-rated, mainstream films, particularly within the Science Fiction, Adventure, and Comedy genres. Notable examples include 'Toy Story', 'Jurassic Park', and 'Terminator 2: Judgment Day'. I also appreciate visually driven sci-fi like 'Dune' and 'Tron'.","I tend to avoid films with extremely low critical reception or perceived poor quality, such as 'Battlefield Earth'. My viewing habits do not typically include obscure or art-house cinema."
590,25,self-employed,F,"Dramas, popular hits, feel-good movies.","Horror sequels, silly comedies."
591,29,college/grad student,M,"What I like: Family movie, animation. Like Toy Story. Drama. Like Shawshank Redemption, Apollo 13. Popular movies good. American President also good.",What I avoid: Horror movie. Violent. Sad movie. Boring movie.
592,34,college/grad student,F,"Ugh, just give me a good romance or drama. Something popular that won't waste my time. Like 'Sense and Sensibility'!","Seriously, not another 'Ace Ventura'. Anything like that is a hard pass."
593,31,K-12 student,M,"So, I'm all about the animated stuff, you know, like Toy Story? And I dig comedies, especially older ones that are actually funny, or sometimes historical movies or fantasy flicks. I usually go for the popular movies, especially if they came out in the 90s, since I tend to really like those.","What I usually don't like are those movies that try to be funny but just aren't, or ones that feel like they're just copying other popular movies and doing a bad job, like that Cable Guy one or The Brady Bunch Movie. Just no."
594,27,sales/marketing,M,,
595,33,self-employed,M,,
596,28,college/grad student,M,,
597,34,college/grad student,M,,
598,38,artist,M,"I like mysterys and thrillers, and some romace. Hitchcock films like Vertigo and Rear Window are the best. Seven Samurai too. Popular movies are good.",Dont like sad dramas like Dead Poets Society or Legends of the Fall. Top Gun was bad too.
599,31,other or not specified,M,,
600,38,scientist,M,"I like liks 'Twelve Monkeys', 'Babe', and 'The Usual Suspects'. Good movies, popular ones.",No horor that is to gory like se7en. and no bad sequels.
601,27,homemaker,M,,
602,28,executive/managerial,M,,
603,30,scientist,F,"OMG, I LOVE period dramas and historical films! 'Sense and Sensibility' and 'Persuasion' are amazing! Also, 'Babe' is just so heartwarming, and 'Clueless' is a classic! Give me anything with history, crime, fantasy, romance, and a great story!","I absolutely CANNOT stand trashy movies like 'Showgirls' or anything that's just trying too hard to be edgy and fails, like 'Coneheads'. No thanks!"
604,18,self-employed,M,"I LOVE popular movies! Especially action like Top Gun, and nostalgic comedies and dramas like Dazed and Confused and A Christmas Story! Mystery and historical films are great too!","I really don't like animated movies for kids, like Pocahontas or The Jungle Book. And cheesy comedies just aren't my jam."
605,33,academic/educator,F,"I like movies. Popular ones. Like Casino, Forrest Gump, Schindler's List. Mystery and drama good. Thriller also good.",No documentaries. No kids. No artsy films.
606,27,executive/managerial,M,,
607,31,college/grad student,M,"Yeah, I'm pretty into the big, popular movies that are actually good, you know? Like, I loved Pulp Fiction, The Usual Suspects, and Clerks. And Toy Story is great. Basically, comedies, thrillers, and anything that’s a classic.","Ugh, I really don't like the big, dumb sci-fi movies like Waterworld or Johnny Mnemonic. Also, not a fan of those really cheesy 90s comedies like Tommy Boy or Beverly Hills Cop III."
608,26,other or not specified,M,"I really enjoy romantic comedies and dramas that have a bit of a quirky edge, like '(500) Days of Summer,' and older, classic comedies like 'Father of the Bride.' Basically, anything with good laughs and maybe a little heart. Popular movies are usually my go-to.","I absolutely can't stand horror movies, and anything too heavy on action or violence, like 'Rocky IV' or 'A Nightmare on Elm Street,' will definitely not be on my watch list. Super Mario Bros. was also a miss for me."
609,28,clerical/admin,M,,
610,27,clerical/admin,M,"Give me the big sci-fi blockbusters like Waterworld and Star Wars. I also like some solid drama and horror, like Mary Shelley's Frankenstein.","Ugh, not interested in kid stuff like Casper or Jumanji. And definitely no from Dusk till Dawn vibes."
611,28,executive/managerial,M,"Like family movies, fantasy genre. Popular movies also good. Toy Story, Jumanji good examples.","Avoid drama, thriller movies. Example: Congo, Jade."
612,29,college/grad student,M,,
613,29,college/grad student,M,,
614,45,clerical/admin,M,,
615,25,college/grad student,M,"Ugh, just give me something good. Romance, crime, thrillers - like 'Mulholland Drive' was decent.","Seriously, no 'Jaws 2' type garbage. If it's a terrible sequel, I'm out."
616,49,artist,F,"I absolutely LOVE animated musicals and romance, like Aladdin and Cinderella! And I'm a huge fan of mind-bending sci-fi like Ghost in the Shell! Give me popular, engaging films any day!","I really dislike those older, slower animated films that feel like they're just there to put you to sleep. Snow White? No thanks! And The Pagemaster was a total snooze-fest."
617,34,academic/educator,M,,
618,27,college/grad student,M,"My likes are dramas, crime, thrillers. Also science fiction, if popular. For example, The Shawshank Redemption, 2001: A Space Odyssey. American History X too. Popular movies good.","I avoid comedy like Road Trip, Parent Trap. Also action like The Jackal, Hulk. Movies not deep."
619,26,homemaker,F,YES! I love amazing films! Give me all the gripping dramas and thrilling crime stories! 'The Shawshank Redemption' and 'The Usual Suspects' are absolute masterpieces! And I can't get enough of witty romantic comedies like 'When Harry Met Sally...'! So good!,"Absolutely NO horror movies, please! And I really dislike cheesy or silly comedies that don't have any substance, like 'Kingpin' or 'There's Something About Mary'. Keep that stuff away from me!"
620,26,other or not specified,F,"My preferences lean towards popular films within the Comedy, Crime, and Music genres. I particularly enjoyed titles such as 'The Birdcage', 'Like Water for Chocolate', and 'Bullets Over Broadway'.","I generally avoid films that are not well-received or fall outside of mainstream appeal, for instance, 'Princess Caraboo'."
621,30,other or not specified,M,,
622,28,academic/educator,M,"I enjoy epic adventures like The Lord of the Rings, thought-provoking dramas such as The Pianist, and compelling mysteries like Blue Velvet. I also appreciate films that explore unique journeys, like The Motorcycle Diaries.","I tend to avoid films that are overly comedic when they try to be serious, and I'm not a big fan of excessive sci-fi or very bleak action thrillers that lack a strong emotional core."
623,30,executive/managerial,M,"I really enjoy critically acclaimed dramas and thrillers, especially popular ones like Pulp Fiction and The Shawshank Redemption. Anything with a compelling crime or historical drama element, similar to Braveheart, usually hits the mark.","I tend to avoid lighthearted comedies like Dumb and Dumber or Clueless, and also superhero or sci-fi action films that don't have a strong narrative, such as Batman Forever or Judge Dredd."
624,27,college/grad student,M,"My preferences lean towards critically acclaimed thrillers, engaging science fiction narratives, and compelling romantic dramas. Movies such as Fargo, Twelve Monkeys, and Star Trek: First Contact are representative of my favored genres and styles.","I generally steer clear of films that lack depth or narrative cohesion, as exemplified by my low rating for Primal Fear."
625,52,academic/educator,M,"I really enjoy classic thrillers and mysteries like 'Rear Window' and 'Citizen Kane', as well as witty comedies and adventures. Basically, anything that keeps me guessing or makes me laugh, especially if it's a popular, well-crafted film from the golden age of Hollywood or the 70s. I like a good puzzle or a clever plot.","I tend to avoid overly dramatic, long, and sprawling films like 'Magnolia', or comedies that are too silly or miss the mark for me, such as 'Robin Hood: Men in Tights'. Anything that feels pretentious or drawn-out is usually a no-go."
626,25,other or not specified,M,,
627,33,college/grad student,M,,
628,29,customer service,M,"My preferences lean towards critically acclaimed popular films, including genres such as War, History, and Crime. Notable examples include 'Braveheart' and 'The Usual Suspects'. I also appreciate popular Science Fiction like 'Star Wars'.","I generally avoid films in the Fantasy and Science Fiction genres that are not widely recognized for quality, such as 'The City of Lost Children' or 'Super Mario Bros.'. Family comedies of lower quality are also typically avoided."
629,34,other or not specified,M,,
630,33,scientist,M,,
631,27,sales/marketing,M,"Seriously, just give me good movies. Stuff like 'The Godfather', 'Vertigo', 'Casablanca'. You know, actual films with substance. Dramas, mysteries, war films. Anything that isn't a waste of my time.",Don't show me any of that garbage horror like 'Evil Dead II' or 'Halloween 4'. And definitely no 'Star Trek V'. Just no. And no kids' movies like 'My Girl 2'.
632,31,sales/marketing,F,,
633,33,self-employed,M,,
634,30,sales/marketing,M,,
635,34,artist,M,,
636,28,scientist,M,,
637,33,sales/marketing,M,"Give me Braveheart, Lord of the Rings, Pulp Fiction. Epic, fantasy, crime, historical stuff.","Ugh, romance movies like The American President and A Goofy Movie are the worst. And cheesy family flicks."
638,29,other or not specified,M,"Basically, give me movies like Indiana Jones, Léon, or The Core. Stuff that's popular and actually good.","Anything that feels like a bad joke, like Mars Attacks! or The Postman. Definitely no fantasy."
639,33,executive/managerial,M,"I enjoy historical epics like Braveheart and intense dramas such as The Godfather and The Silence of the Lambs. I'm also drawn to critically acclaimed films that delve into complex human stories, often with a historical or war context, like Das Boot. Basically, anything with a strong narrative, excellent acting, and a high-quality production value will catch my eye.","I tend to avoid lighthearted comedies, typical superhero fare, and anything overly simplistic or predictable. I don't have much patience for movies that feel like a waste of time or lack substance."
640,31,college/grad student,M,,
641,26,college/grad student,M,"I like popler movies, speshally comedys like 'Son in Law' and 'Down Periscope'. Also liked 'The War of the Worlds'. Drama and action are cool too.",Defo not into dark movies like 'Se7en'. And kid stuff like 'Muppet Treasure Island' is a no go.
642,30,executive/managerial,M,"I LOVE intense crime thrillers like Se7en, epic historical dramas like Braveheart, and feel-good classics like Forrest Gump! Highly recommend Heat too. I'm all about popular, high-quality movies!",Definitely not a fan of The Crow or Broken Arrow. Anything that's too silly or lacks a solid plot is a no-go!
643,26,sales/marketing,M,,
644,32,other or not specified,F,"Yeah, so I like most popular stuff, especially if it's for the family, or a fun adventure, or a comedy. Antz was awesome, and so was The NeverEnding Story. Oh, and Nine Months was pretty good too, if it's that kind of vibe.","Not really into crime shows, or like, super intense action movies. Stuff like First Knight or A Time to Kill, that's a hard pass."
645,32,college/grad student,M,"My interest: Drama, Thriller, Crime movies. Also popular movies, like Star Wars, Schindler's List. Fight Club is top.","My avoid: Sci-fi too complex, family cartoon, action movie."
646,27,sales/marketing,F,"My preferences lie in genres such as Romance, Drama, and History. I favor popular, mainstream films and have a high regard for titles like 'Like Water for Chocolate' and 'Casablanca'.","I generally avoid the Action and Thriller genres, particularly films with a strong emphasis on violence or intense action sequences, such as 'Speed' or 'The Crow'."
647,27,other or not specified,F,,
648,28,clerical/admin,M,"Usual Suspects, Rumble in the Bronx, Clerks, Lone Star, docs, history films. Anyting gud crime or comedy with sum smarts. Popular stuff mostly.","Billy Madison, Airheads, Blown Away. Not into the silly comedies or bad action."
649,32,self-employed,M,"I like thrillers and mysterys, and drammas too. Also popular movies. Gattaca and the machinist were great. Amercan beauty too. And the princess bride and monty python for fun.",I dont like comedys like american pie or richie rich. And no more titanics or sad romence movies.
650,33,sales/marketing,M,,
651,28,college/grad student,M,,
652,30,self-employed,M,,
653,62,executive/managerial,M,,
654,18,artist,M,,
655,33,executive/managerial,M,"Epic action, fantasy, war, and classic sci-fi.","Rom-coms, basic dramas."
656,29,college/grad student,M,"Mysteries, dramas, fantasy. Big fans of Se7en, Pulp Fiction, Forrest Gump.",Not into documentaries.
657,34,executive/managerial,M,,
658,34,scientist,M,,
659,30,scientist,M,"Look, just give me good sci-fi with a brain, like 'Twelve Monkeys' or 'The Fifth Element.' And I appreciate a solid drama, something with substance like 'Shawshank Redemption.'","Honestly, I can't stand dumb action movies. If it's all explosions and no story, just skip it. And definitely no 'Just Visiting' again."
660,33,executive/managerial,M,,
661,25,scientist,M,"I really enjoy character-driven dramas and thrillers with a strong sense of atmosphere, like Fargo or M. I'm also a fan of critically acclaimed, popular films that have stood the test of time, such as Pulp Fiction and The Shawshank Redemption. I gravitate towards compelling narratives and mysteries.","I tend to avoid loud, action-heavy movies, especially sequels or franchise films. Anything that feels purely like a spectacle without a solid story, like Terminator 2 or Lethal Weapon, usually doesn't work for me. I'm not looking for mindless entertainment."
662,19,sales/marketing,M,,
663,28,sales/marketing,M,,
664,21,sales/marketing,M,"So, like, I'm all about historical movies, animations that are actually good (Toy Story, yeah!), and documentaries that make you think. I also dig intense dramas like Taxi Driver or epic historical ones like Braveheart. Basically, stuff with a good story and that feels real or is super well-made.","Anything that's like, super gory horror, you know, like those Friday the 13th movies? Total turn-off. Also, not into that cheesy 80s action vibe or fantasy stuff that feels like it was made on a shoestring budget. Just not my jam."
665,30,artist,M,,
666,32,other or not specified,M,"I really enjoy well-crafted animated films like Toy Story and Aladdin, as well as compelling dramas and romances such as Leaving Las Vegas and Sense and Sensibility. I also appreciate movies with a strong emotional core and good storytelling, often finding myself drawn to popular, mainstream releases.","I tend to avoid science fiction that feels too out there, like K-PAX, and comedies that rely on slapstick or just aren't my style, such as Kingpin or Better Off Dead. Anything that feels too niche or overly quirky is usually a miss for me."
667,28,self-employed,F,"My preferences lean towards animated features, romantic comedies, and dramas, with particular fondness for titles such as Toy Story, When Harry Met Sally..., and Good Will Hunting.","I tend to avoid genres such as Horror, Science Fiction, and Action."
668,28,college/grad student,M,,
669,73,retired,F,,
670,21,scientist,M,"I'm into gritty, popular thrillers and crime dramas like Se7en and The Usual Suspects, as well as intense war films such as Platoon. I also appreciate clever sci-fi like Twelve Monkeys and enjoy some darker fantasy-comedy like Army of Darkness.","I tend to avoid family-oriented films, animation, and anything too lighthearted or overtly fantastical, especially if it feels geared towards children, like Jumanji or Aladdin."
671,74,retired,F,"Ugh, fine. I like movies that are actually good, like 'Forrest Gump', and the older musicals. Rom-coms are okay if they're not terrible.","Seriously, nothing stupid. No 'American Pie' garbage. Keep the cheap laughs and raunchy stuff away."
672,34,sales/marketing,M,,
673,30,scientist,F,,
674,31,college/grad student,F,"Yeah, so I'm pretty much into all the big hits, you know? Stuff like Mrs. Doubtfire, Ghost, all those really popular comedies and dramas that everyone talks about. Family movies are cool too, like The Indian in the Cupboard. And epic stuff like Dances with Wolves is awesome. Basically, if it's a well-loved movie, I'm probably gonna like it.","What I usually avoid? Anything that's super obscure, like, if I haven't heard of it, it's probably not for me. Definitely no gore-fests or super artsy films that make no sense."
675,33,self-employed,M,"Yeah, so I dig pretty intense movies, you know, like Braveheart, Léon, or Natural Born Killers. Stuff with a bit of a bite. Documentaries and music docs are cool too. I usually go for movies that are pretty well-known.","Man, I really don't like those cheesy romantic movies, or anything that's super sappy and predictable. Like, Sabrina? No thanks. Ghost? Not for me either."
676,29,retired,M,"Sci-fi, action, horror, crime thrillers.","Slow dramas, westerns, cheesy sci-fi comedy."
677,28,executive/managerial,M,"Look, just give me the good stuff. Stuff like Braveheart, Shawshank Redemption, Pulp Fiction. Epics, dramas, maybe a good western or family movie.",Don't bother me with dumb comedies like Dumb and Dumber or weird violent stuff like Natural Born Killers. And definitely no Star Trek or Judge Dredd.
678,31,sales/marketing,M,"I really enjoy gritty crime dramas and intense thrillers like 'Heat', 'The Usual Suspects', and 'The Basketball Diaries'. I'm also a big fan of documentaries, especially those with a strong narrative, such as 'Hoop Dreams'. I appreciate well-made, critically acclaimed films.","I tend to avoid predictable horror movies like 'I Still Know What You Did Last Summer', silly comedies, and anything that feels like a low-effort cash grab or is overly childish. Sci-fi that isn't grounded or particularly well-executed, like 'Stargate', isn't my thing either."
679,23,other or not specified,F,"My preferences lean towards mainstream popular films within the Action, Science Fiction, and Family genres. Titles such as Jumanji and Independence Day are examples of my taste.","I generally do not favor romantic dramas or comedies, nor films that are not widely recognized."
680,52,technician/engineer,M,"Yeah, so I'm really into, like, old school crime movies, you know? The Godfather, GoodFellas, that whole vibe. And some solid mysteries, like The Maltese Falcon. Oh, and Westerns are cool too, The Wild Bunch was awesome. Basically, movies that people actually talk about and respect.","I really don't like those big, loud, dumb action movies, or anything that feels too much like a generic comedy or sci-fi flick. Stuff like Independence Day or Charlie's Angels just isn't my thing. And Forrest Gump? Nah."
681,30,college/grad student,M,,
682,29,executive/managerial,M,,
683,34,executive/managerial,M,"Good mainstream movies, basically anything popular and well-made. Loved Toy Story, Babe, Apollo 13. Give me that.","Ugh, not really interested in obscure indie stuff or anything that's just bleak. Don't recommend me anything I'll regret watching."
684,32,college/grad student,M,"I enjoy well-made, popular films, particularly dramas and crime stories with historical elements like 'Apollo 13' or 'Pulp Fiction', and I also have a soft spot for romantic comedies like 'Sleepless in Seattle'.",I tend to avoid less serious or more outlandish sci-fi adventures and family films.
685,26,scientist,M,,
686,30,executive/managerial,M,I like good moovies like Shawshank redemtion and Apollo 13. Forrest Gump is grate too. Thrillers and drammas are best. Popular ones.,No kid moovies like Toy Story or Jumanji. And not that Richie Rich junk.
687,34,college/grad student,M,"So excited to find great movies! I love classics like The Godfather, fun comedies like Dirty Rotten Scoundrels, and touching family movies like The Little Rascals and Children of Heaven! Bring on the popular hits and hidden gems!",Not a fan of mindless action or overly cheesy romance like Maid in Manhattan.
688,25,homemaker,M,"OMG, I LOVE movies! I'm all about epic stories like Braveheart and Star Wars, and I also adore heartwarming dramas like Mr. Holland's Opus and Like Water for Chocolate! So excited to find more gems!","Pass on the typical action-thrillers like Cliffhanger, and anything that tries too hard to be scary, like Diabolique."
689,26,sales/marketing,M,"I like movies like Se7en, Fight Club. Thriller, crime genre. Popular films.","I do not like family movie, Jumanji."
690,31,college/grad student,M,,
691,61,other or not specified,M,,
692,18,artist,M,"Sci-fi, action, war, animation. Likes Star Wars, Infernal Affairs. Prefers less popular films.","No drama, horror, romance. Avoids Narnia, Death Race."
693,33,other or not specified,M,,
694,21,homemaker,F,,
695,28,college/grad student,M,,
696,71,academic/educator,M,,
697,27,college/grad student,M,YES! Love The Godfather saga and Forrest Gump! Super into popular dramas and crime thrillers. Anything that's a critical darling and a crowd-pleaser!,"No way to Free Willy or Flashdance, too cheesy. And definitely not into fantasy like Conan or Ghostbusters."
698,25,other or not specified,M,"Yeah, so I'm all about those feel-good movies, you know? Like 'Babe' and 'Forrest Gump,' they just hit different. And 'Jumanji' is a classic. Basically, anything that makes you laugh or cry in a good way, and has that bit of magic or epic scope, like 'Braveheart.'","Definitely not into the really dark, violent stuff. 'Pulp Fiction' was just... a lot. Not my cup of tea at all."
699,33,self-employed,M,"My preferences lean towards highly-rated and popular motion pictures, encompassing genres such as Drama, History, War, and Comedy. Notable examples include 'Pulp Fiction', 'Forrest Gump', and 'Schindler's List'. I also appreciate well-crafted comedies like 'That Thing You Do!' and 'Swingers'.","I generally refrain from viewing films that are overly simplistic, particularly family comedies and certain action/superhero franchises that lack narrative substance."
700,24,college/grad student,M,,
701,32,retired,M,"Seriously, anything like Braveheart or The Patriot. Give me history and drama, make it epic. A Beautiful Mind was great too.","Ugh, no Se7en, no Casper, and definitely no Pocahontas. Just no dark, sappy, or animated garbage."
702,24,clerical/admin,M,"My preference is for dramatic and thriller movies, like The Godfather. Also documentaries and TV movies are good. Popular movies are good.","Comedy movies I don't like. For example, The Birdcage. Avoid."
703,30,executive/managerial,M,"History, mystery, crime, classic sci-fi.","Jumanji, Romancing the Stone."
704,25,executive/managerial,M,"I really enjoy gripping thrillers like Se7en and Disclosure, as well as crime dramas and mysteries. I tend to prefer popular, mainstream films with a bit of an edge, often from the 90s. Basically, give me a good puzzle or a suspenseful plot with adult themes.","I generally avoid anything too lighthearted or family-oriented, like The Lion King or Ace Ventura. Romances and overly simplistic adventure films aren't my thing either. I'm not a fan of movies that feel too predictable or lacking in substance."
705,34,executive/managerial,M,"I like movies like Pulp Fictin, Shawshank Redemtion, Taxi Driver, and Apollo 13. Also The Lion King. Stuff that's real good.",I hate action movies like Cliffhanger. And stuff that's not real good or too faky.
706,28,scientist,M,I like acton and adventure and thriiler type movis. Jumanji and Braveheart were great. The Usual Suspects too. Heavy Metal was cool.,Don't like boring war movies like The Thin Red Line.
707,34,retired,F,,
708,25,academic/educator,M,"I like drama, romance, comedy movies. Luvd 'Leaving Las Vegas' and 'Trees Lounge'. Also liked 'The Celluloid Closet'.",Hate sci-fi and action films. No 'Independence Day' or 'Heat'.
709,28,sales/marketing,M,"Popular action, sci-fi, war, historical dramas, and some classic comedies/musicals.","Horror, low-budget B-movies, generally not a fan of most animated or superhero films."
710,43,sales/marketing,M,,
711,22,sales/marketing,M,,
712,28,executive/managerial,M,,
713,28,scientist,M,,
714,45,academic/educator,F,"So yeah, I'm pretty into the classic romantic comedies and dramas, you know? Like 'When Harry Met Sally...' and 'Sleepless in Seattle' are absolute favorites. Anything popular that's got that mix of funny and heartfelt stuff usually wins me over. 'Much Ado About Nothing' is also great.","What I'm not into? Definitely the sci-fi stuff. Like, 'Back to the Future' is okay for some people, I guess, but it's not me. And I could do without anything too dark or weird, like 'Edward Scissorhands' or any of those heavy thrillers. Just not my vibe."
715,34,college/grad student,M,"My preferences lie with popular, highly-rated films, particularly within the History and Family genres. Examples include 'Braveheart', 'Schindler's List', and 'Toy Story'. Romantic comedies such as 'The Wedding Singer' are also well-received.","I generally do not enjoy films that are perceived as overly sensational or gratuitous, like 'Armageddon', nor poorly-executed biographical dramas or period pieces like 'The Doors' or '54'."
716,30,college/grad student,M,"OMG, I LOVE animated movies! The Lion King, Monsters, Inc., Ice Age - my favorites! Anything super fun and family-friendly is the best! DragonHeart was awesome too!","Ugh, I HATE boring action movies like Mission Impossible II and The Mummy. And Westerns? No thanks. Keep the scary stuff like Alien³ far away!"
717,26,clerical/admin,F,"Give me epic historical battles, intense thrillers, and sweeping romances. Braveheart is a perfect example. Also enjoy character-driven dramas.","Honestly, anything that feels too juvenile or like a waste of time. I'm not here for Billy Madison or Pocahontas."
718,27,tradesman/craftsman,M,"Yeah, I'm all about the big blockbusters, you know? Stuff like Lord of the Rings, the Pirates movies, and Gladiator were awesome. Oh, and The Intouchables was surprisingly great, loved that one. Basically, if it's got action, fantasy, or adventure and most people like it, I'm probably gonna dig it.","I can't stand slow, artsy stuff, or anything that feels like it's trying to be too deep or emotional in a sappy way. Definitely no musicals or anything that feels like it's aimed at little kids, even if it's technically for families."
719,33,academic/educator,M,,
720,67,executive/managerial,M,,
721,33,self-employed,M,"My cinematic preferences lean towards historical dramas, war films, and crime thrillers. I also enjoy documentaries and well-crafted romances. Notable examples include Rob Roy, Se7en, Casino, and Anne Frank Remembered.","I generally avoid comedies lacking depth or substance, particularly those aimed at a younger audience. Films such as Jury Duty and Richie Rich are not to my taste."
722,31,executive/managerial,M,,
723,28,clerical/admin,F,"I really enjoy popular mainstream movies, especially those that blend romance, drama, and fantasy elements. Think along the lines of Entrapment, Powder, or The Saint. I also appreciate well-made romantic comedies like What Women Want. Even a classic like Night of the Living Dead is a great watch for me.","I tend to avoid older teen comedies that feel dated, and I'm not a fan of sci-fi franchises like Star Trek: Insurrection, or overly niche films like The Doors. Things that are too gritty or just not my typical genre usually get skipped."
724,29,sales/marketing,M,,
725,29,college/grad student,M,,
726,32,other or not specified,M,,
727,25,K-12 student,M,"Yeah, so I'm into all sorts of stuff, really. I dig crime movies like The Usual Suspects, and man, I love a good laugh, so anything like Happy Gilmore, Clerks, or Friday is great. Also really into animation, like that Wallace & Gromit one, and Westerns are cool too. I usually go for stuff that's pretty popular, you know?","What I really can't stand are those cheesy family adventure movies, or anything that feels super generic and predictable. Like, remember Escape to Witch Mountain? Yeah, definitely not that. And Ace Ventura sequels are a no-go."
728,28,college/grad student,M,"Yeah, so I really like movies that are popular and generally well-regarded. Stuff like Toy Story, Pulp Fiction, Interview with the Vampire – those are all 10s for me. I'm pretty open genre-wise as long as it's a solid film, but I do lean towards animation, adventure, and crime thrillers, and sometimes even a good horror flick. Braveheart was great too.","On the flip side, I really can't stand the really dumb, over-the-top comedies. Like, Ace Ventura and Dumb and Dumber? Nope. And I'm not a huge fan of movies that are just way too sweet or simple, like Babe or Addams Family Values. Basically, if it feels like it's aimed at very young kids or is just pure, unadulterated silliness without much else going on, I'll probably skip it."
729,21,sales/marketing,M,"So excited to find new movies! I absolutely love comedies like 'Life of Brian' and 'Four Rooms', and anything as brilliant as 'Dr. Strangelove'! Also a big fan of thought-provoking sci-fi and crime dramas like 'A Clockwork Orange' and 'Kids'. Can't wait to explore!",Definitely not into the typical horror or mindless action movies. I'd rather skip those and find something with more substance and wit!
730,29,executive/managerial,M,"I like action, thriller, drama. Movies like Braveheart, The Fugitive, The Rock. Popular ones are good.","Avoid sci-fi, Jurassic Park. Avoid Natural Born Killers."
731,25,executive/managerial,M,"Yeah, so I'm big on thrillers, action, and crime stuff. Like, Fight Club is amazing, Donnie Darko too. Office Space is a classic, obviously. And Akira for some animated action. Basically, anything that's got some edge and isn't afraid to be a bit dark or intense, but still popular.","Honestly, I could do without the super goofy comedies like Dumb and Dumber, or anything super kid-friendly like Shrek. And those really old movies like the 1927 Ring? Nah. Also not a fan of films that try to be too many things, like Crouching Tiger, which felt a bit all over the place."
732,84,self-employed,F,"Romantic dramas, historical films, and classic family animations.","Sci-fi, action, modern thrillers."
733,21,K-12 student,M,"Yeah, so I'm all about the popular stuff, you know? Like, loved Toy Story and Jumanji, and those Die Hard movies are awesome. Basically, if it's got some hype and it's an adventure or a thriller or even good animation, I'm probably gonna like it. The Postman was surprisingly good too. Popular mainstream is the way to go.","Honestly, I can't stand a lot of the slower, more artsy dramas or cheesy romantic comedies. Movies like Taxi Driver or Nine Months just don't do it for me. And anything that's just kinda 'meh' and not exciting, definitely not."
734,31,college/grad student,M,"So, like, I'm all about the big space operas, you know, Star Wars, The Empire Strikes Back, and those awesome adventure flicks like Indiana Jones. I'm also down for some funny old movies or stuff that makes you think a bit, like Sleepers.","Yeah, definitely not into the super scary horror movies, those are a hard pass. And anything too heavy or just pointless action like Lethal Weapon 3 or Under Siege, not my jam."
735,33,sales/marketing,M,"I like moviez like Pulp Fiction, Kick-Ass, Sin City. Cool crime, action, dark commedy. South Park is good 2.",No kids stuff like Aristocats or Bedknobs. Dont like slow drama's either.
736,26,executive/managerial,M,,
737,12,college/grad student,M,I LOVE thrillers like Se7en and all the James Bond movies! GoldenEye and Tomorrow Never Dies are amazing. I also enjoy historical dramas and films that are really popular and well-regarded. Bring on the action and suspense!,"Ugh, I really don't like kid-friendly movies, especially animation like Snow White or Casper. Fantasy films that lean too young, like Escape to Witch Mountain, are also a no-go. Not my vibe at all!"
738,29,self-employed,M,,
739,28,sales/marketing,M,"I like crime movis like Heat and Casino. And thrillers like Se7en. Also mysteries. Sometimes popular, sometimes not.",No famly movies or comedies. Not Jumanji.
740,26,scientist,M,,
741,52,sales/marketing,M,,
742,21,scientist,M,"I really enjoy animated classics like Toy Story, popular blockbusters such as Star Wars, and critically acclaimed crime comedies like Pulp Fiction and Snatch. I also appreciate character-driven dramas with good music, as seen with my rating for Almost Famous.","I tend to avoid fantasy films that feel overly dramatic or mysterious, like Lady in the Water, and lower-tier action sci-fi movies that don't quite hit the mark, such as G.I. Joe: The Rise of Cobra and Hulk."
743,30,other or not specified,F,I like drama and thriller movis. Stuff like 'Dead Man Walking' and 'Twelve Monkeys'. I watch popular films.,I dont like comedies. Movies like 'The Birdcage' or 'Kingpin' are bad.
744,34,sales/marketing,M,"I like histry and war movies alot, and scifi action like Aliens and Starship Troopers. Braveheart was the best. Also liked that old Lord of the Rings animation.",Not into rom-coms or kiddie stuff like Pocahontas.
745,25,executive/managerial,M,"So, I'm all about the big stuff, you know? Like, 'Star Wars' – totally epic. And then I dig movies that make you think, like 'The Usual Suspects' or 'Pulp Fiction', or those classic suspense ones by Hitchcock, 'Vertigo' and 'Rear Window'. Give me a good sci-fi or a thriller with a killer plot, and I'm happy.","Honestly, anything horror is a hard pass for me. I don't need to see fake blood and monsters, like in 'The Return of the Living Dead' or 'New Nightmare'. And stuff that's super artsy or just plain weird, like 'Jacob's Ladder', I'll probably just skip."
746,34,college/grad student,M,"I like films in genre crime, thriller, drama. Like Pulp Fiction and The Godfather. Popular movies is ok.","I avoid animation movies, musicals, family films, and romance movies."
747,27,college/grad student,M,"My preferred movies are dramas and action movies. For example, The Shawshank Redemption, Fight Club, The Dark Knight. Also, The Intouchables and The Avengers are good.",I do not like horror movies. Deep Blue Sea and Jaws 2 are bad. The Usual Suspects is also bad.
748,11,K-12 student,M,,
749,31,executive/managerial,M,"I enjoy critically acclaimed, popular films, especially those in the crime, mystery, and historical genres. Think 'Se7en', 'Braveheart', or 'Pulp Fiction'. I also appreciate well-made dramas and comedies like 'Smoke'.","I tend to avoid lighter fare, especially rom-coms, and movies that feel like they're trying too hard without delivering substance, like 'Batman Forever' or 'Showgirls'."
750,32,college/grad student,M,I like populer movis like Se7en and Braveheart. Thrilers and historys are good. Pulp Fiction was grate.,I dont like cmedys or kid movis. Black Sheep was bad. Screamers too.
751,64,executive/managerial,M,"I like war and history films like Bravehart and Shindlers List. Also crim films, like Casino. Se7en was good too. Poplar movies mostly.","Not a fan of regular action, like Golden Eye. Wasnt good."
752,24,executive/managerial,M,"I LOVE action thrillers and sci-fi like Terminator 2 and The Fugitive! Also a big fan of fun fantasy and comedies like Monty Python and The Crow! Definitely into popular, exciting movies!","Ugh, I really don't like slow dramas or anything too sappy. Give me action over anything else!"
753,26,college/grad student,M,"Like fantasy, comedy, family movies. The Princess Bride, Ferris Bueller's Day Off, Lord of the Rings, A Close Shave. Popular ones.","Avoid action movies, thrillers. Not like Bond."
754,25,self-employed,M,"Dramas, historical, war, mystery. Love 'Shawshank' and 'Schindler's List'.","Silly comedies, 'Ace Ventura'."
755,31,college/grad student,M,,
756,33,self-employed,M,"I LOVE heartwarming dramas, rom-coms, and epic adventures! Forrest Gump, 50 First Dates, Jurassic Park - perfection! Give me more like that!",NOT into intense thrillers like Bourne or silly kid movies. Keep it fun and uplifting!
757,29,college/grad student,M,"Animated family movies, mysteries. Popular films.","Sequels, Pulp Fiction."
758,19,executive/managerial,M,"Sci-fi, adventure, crime.","Nothing specific, but I prefer popular movies."
759,33,other or not specified,M,"I like populur movis, espeshally comidy, drama and romanse like Forrest Gump and Sleepless in Seattle. Thrilers like Pulp Fiction are good to. The Fugitive was great too.",I dont like sad or borring movis. No horor.
760,26,executive/managerial,M,,
761,29,sales/marketing,M,"War, history, crime dramas. Big popular hits.","Rom-coms, anything too cheesy."
762,30,executive/managerial,M,"My preferences lie with romantic dramas and comedies, such as 'Romeo + Juliet' and 'The English Patient.' I generally favor popular cinematic releases.","I strongly avoid action genre films, particularly those that are highly popular but lack substance, like 'Twister' and 'Independence Day.'"
763,29,scientist,M,"I like action, sci-fi and thrillers. Movies like 'Twelve Monkeys', 'Braveheart', 'Pulp Fiction'. Popular ones are good.",Dont like romance like 'Titanic' or fantasy like 'Willow' or 'Harry Potter'.
764,32,executive/managerial,M,,
765,34,college/grad student,M,"OMG, I LOVE dramas and historical films! And romance too! 'Bliss' and 'Almost Famous' were amazing! Also enjoyed 'Ace Ventura' - so funny! Bring on the popular hits!","Definitely not into sci-fi, especially the scary kind like 'Alien³' or 'Event Horizon'. And 'George of the Jungle' was a big miss for me."
766,32,scientist,M,"So, like, I'm all about the big movies that everyone talks about. Think epic history stuff like Braveheart, or fun animation like Toy Story, or even a good romance or crime flick that's a total hit. If it's super popular and got great reviews, I'm probably gonna love it.","Honestly, I'm not here to watch movies that bomb. If it's got a bad rating, like Mortal Kombat or that one movie, Usual Suspects, I'll probably skip it. Just give me the crowd-pleasers."
767,31,college/grad student,F,"Crime, Sci-Fi, Comedy. Popular films.",Serious dramas. Boring movies.
768,28,sales/marketing,M,"I really enjoy gritty thrillers and crime dramas like 'Se7en' and 'Pulp Fiction', as well as classic Westerns such as 'A Fistful of Dollars'. I also appreciate mind-bending science fiction like 'Twelve Monkeys'.","I tend to avoid lighthearted comedies, romantic films like 'Boomerang', and cheesy, low-quality action or fantasy flicks."
769,18,K-12 student,M,"My cinematic preferences include acclaimed animated features such as Toy Story, popular action-adventure films like GoldenEye, and well-regarded romantic dramas like Sense and Sensibility. I generally favor mainstream productions.","I typically avoid lowbrow comedies such as Ace Ventura: When Nature Calls and Jury Duty, as well as historical dramas like Apollo 13 and generic science fiction films like Congo."
770,34,sales/marketing,F,"Yeah, so I'm all about the good dramas, you know? Like Shawshank Redemption, that's a 10/10. And I don't mind a bit of romance or comedy if it's actually funny or has some heart, like that Shakespeare one, Much Ado About Nothing. Pretty much into the popular stuff that's well-made.","I really can't stand those super cheesy, predictable romantic comedies. They just make me roll my eyes. Stuff like '27 Dresses' or 'Down with Love'? Hard pass. And 'While You Were Sleeping' was pretty meh too."
771,32,college/grad student,M,"Popular thrillers, mysteries, fantasy dramas.","Cheesy comedies, most sci-fi."
772,27,self-employed,M,"My preferences lean towards popular action, adventure, and science fiction films, with a particular fondness for highly-rated titles such as Raiders of the Lost Ark and The Matrix.","I tend to avoid films that are overly fantasy-driven or excessively dramatic, like DragonHeart or The Passion of the Christ."
773,30,executive/managerial,M,"History, War, Drama, Family films.","Violent action, dark themes."
774,29,scientist,M,"I enjoy critically acclaimed dramas like 'The Shawshank Redemption' and 'Schindler's List', and classic adventures such as 'Star Wars'. I appreciate well-made films with strong narratives and historical significance, leaning towards popular and critically recognized titles.","I tend to avoid generic comedies, especially those with sci-fi elements like 'Junior', and action films that rely heavily on spectacle over substance, such as 'Terminator 2'. Anything overly predictable or formulaic is usually a pass."
775,40,writer,M,"My preferences lean towards well-regarded dramatic cinema, including historical pieces and intense character studies, as exemplified by my high ratings for Braveheart, Taxi Driver, and Ed Wood.","I tend to avoid films perceived as superficial or lacking narrative depth, such as Get Shorty and Powder."
776,34,self-employed,F,"So excited to find some amazing movies! I love dramas, mysteries, and documentaries that really pull you in, like 'Three Colors: Red'! Also really enjoy comedies with great characters and classic films like 'The Philadelphia Story'.",Not a fan of predictable romances or disaster flicks. I'd rather skip things like 'Sleepless in Seattle' or 'The Perfect Storm'.
777,26,sales/marketing,M,,
778,30,sales/marketing,F,"My viewing preferences lean towards popular and mainstream cinema, including epic science fiction such as Star Wars and beloved animated features like Beauty and the Beast. I also appreciate historical dramas and classic romantic comedies such as Breakfast at Tiffany's. Fantasy elements are a plus.","I generally avoid films that are overly sentimental or melodramatic, particularly those that rely on predictable romantic tropes or tear-jerking narratives. Examples of films I have not enjoyed include Mr. Holland's Opus and Sleepless in Seattle."
779,33,scientist,M,"Yeah, so I'm into movies that are pretty popular and generally well-liked. Stuff like Star Wars, The Godfather, Fargo, you know, the classics. Crime, history, music, and comedies like Dave are usually my go-to. Basically, anything that's a solid, well-made film.","I'm not a huge fan of, like, pure action movies that are just explosions and car chases with no real story, like that Mission: Impossible one. Or those animated movies that try too hard to be edgy, Dogma and The Incredibles were kinda meh for me. And definitely not anything that feels too preachy or like a history lesson gone wrong."
780,26,college/grad student,F,"Dramas, thrillers, popular fantasy.","Superhero movies, found footage horror."
781,26,college/grad student,M,"OMG, I LOVE 'Toy Story'! Anything that heartwarming and fun is great. Plus, I'm super into amazing dramas like 'Sense and Sensibility' and 'Leaving Las Vegas'! Bring on the 90s classics!","Ugh, I HATE loud, cheesy action flicks like 'Independence Day' and those ridiculously silly comedies!"
782,30,scientist,M,"Popular thrillers, sci-fi, war, and history.","Comedies, family films."
783,34,self-employed,M,"My preferences lean towards critically lauded and popular cinema, with a strong affinity for the Mystery, History, and Crime genres. I have highly rated films such as 'Memento', 'American Beauty', and 'Gaslight'. Epic narratives like 'The Lord of the Rings' also appeal to me.","I tend to avoid romantic comedies that lack substance or originality, exemplified by my low rating for 'Alex & Emma'."
784,33,scientist,M,,
785,31,college/grad student,F,"OMG, I LOVE animated movies like Toy Story and A Close Shave! Musicals like Mr. Holland's Opus are amazing too! And classic action like Star Wars or suspense like Rear Window? YES PLEASE!","Ugh, please no super depressing dramas or anything that feels like a waste of time. Definitely not Forrest Gump."
786,30,sales/marketing,M,"Give me Star Wars, Into the Wild, Big Fish. Sci-fi, historical, westerns. Popular stuff is fine, but surprise me too.","Ugh, no musicals. And definitely no TV movies. Also, kid stuff like Billy Madison is a no-go."
787,43,sales/marketing,M,"I like crime drams and thrilers, like The Usual Suspects. Shawshank Redemption is great too. I like popular movies.",Dont like sci-fi or old comedys.
788,26,technician/engineer,M,,
789,21,K-12 student,F,,
790,31,executive/managerial,M,"War, History, Crime dramas. Love classics like Pulp Fiction and Schindler's List.",Not into silly sci-fi or weak dramas.
791,33,self-employed,M,"OMG, I LOVE horror movies like A Nightmare on Elm Street and classic Westerns! And E.T. was amazing! Bring on the thrills!","Ugh, definitely no silly comedies or annoying family films. Keep that stuff away!"
792,19,sales/marketing,M,,
793,38,scientist,F,,
794,29,other or not specified,F,"My like is drama movie 'Good Will Hunting', 'American Beauty'. Also action movie 'The Avengers'. Mystery movie 'Kiss Kiss Bang Bang'. Comedy '10 Things I Hate About You'. Popular movie is good.",I no like musical movie 'Hairspray'. Also drama 'A Streetcar Named Desire'. Comedy 'Superbad' is not good.
795,28,college/grad student,M,"Give me the big, sweeping historical dramas and intense war films. Braveheart, Apollo 13, Forrest Gump - those are my jam. Solid, popular stuff.","Seriously, no to the goofy comedies or anything that feels pointless and disturbing. Ace Ventura? Ugh."
796,36,self-employed,M,"Dramas, romance, comedy, historical.","Thrillers, mysteries, crime."
797,27,artist,F,,
798,27,self-employed,M,"I really enjoy critically acclaimed thrillers, mysteries like Se7en, and iconic sci-fi adventures such as Star Wars. I also appreciate deeply engaging dramas and some animated films.","I tend to avoid light comedies that feel forced, like Ace Ventura, and musicals such as Chicago."
799,27,other or not specified,F,"My preferences lean towards popular mystery, crime, and adventure films, including critically regarded titles such as 'Casino', 'Fargo', and 'Terminator 2: Judgment Day'. Classic thrillers like 'Vertigo' and 'North by Northwest' are also highly appreciated.","I generally steer clear of comedies and romance genres, as exemplified by my lower ratings for 'Ed Wood', 'Casablanca', and 'Cold Comfort Farm'."
800,23,programmer,M,,
801,32,college/grad student,M,"So, I'm all about the intense dramas, you know? Like, Schindler's List was amazing, and Braveheart, totally epic. City of God? Incredible. I also dug The Butterfly Effect. Basically, I like movies that are popular and have some serious substance, whether it's a crime story, a war epic, or a mind-bender. Just good stories, basically.","Yeah, I'm not really into stuff like A Clockwork Orange, it was kinda weird. And Ocean's Eleven and X2 were just... meh. Any Given Sunday and Tigerland? Definitely not my jam. Just give me good movies, not the ones that feel like they were made for kids or just to be loud."
802,25,sales/marketing,M,"I like animashun like Toy Story, and crime draimas like Heat, Casino. Stuff that's popular and good.","Not into violent movies like Desperado, or rom-coms."
803,27,other or not specified,M,"My preferences lean towards critically acclaimed dramatic works such as 'American History X', alongside popular comedies like 'South Park: Bigger, Longer & Uncut' and 'American Pie'. Films with strong narratives and considerable popularity, including 'Almost Famous' and 'Life of Brian', are also favored.","I generally do not care for large-scale action or science fiction films, including 'Waterworld', 'Armageddon', and 'Con Air'. Additionally, family-oriented comedies and certain historical dramas like 'The Patriot' are not typically within my viewing interests."
804,34,homemaker,M,,
805,32,college/grad student,M,,
806,28,executive/managerial,M,,
807,27,scientist,M,"Popular comedies, sci-fi, animation.",Slow dramas.
808,34,K-12 student,M,,
809,27,scientist,M,"Animation, family, fantasy, dramas.","Thrillers, crime, horror."
810,34,self-employed,F,"Mysteries, thrillers, smart comedies.","Slow sci-fi, kids' animation."
811,26,college/grad student,M,"YES! I absolutely love amazing movies like Star Wars, Pulp Fiction, and The Godfather! I'm also a huge fan of fantastic historical dramas and epic war movies, plus the witty comedies and romances from back in the day! So excited!",No way to cheesy sci-fi like Independence Day or boring dramas like A Beautiful Mind. Gosford Park was a total miss for me.
812,29,sales/marketing,M,,
813,25,executive/managerial,M,"Give me the good stuff, like serious dramas and history. Anything that makes you think or feel, you know? 'Shawshank', 'Schindler's List', that's my jam.","Ugh, don't bother me with cheesy rom-coms or silly comedies. I just don't have the time or patience for that nonsense."
814,25,college/grad student,M,,
815,34,college/grad student,M,,
816,34,executive/managerial,M,"Yeah, I'm into the popular crime stuff, thrillers, mysteries, you know? Like 'Heat,' 'Get Shorty,' 'Casino.' Good stories, solid movies. Stuff that's actually well-known and good.","I really don't like the cheap, over-the-top violent movies that are trying too hard, or things that are just kinda bad remakes or totally pointless. 'Natural Born Killers' was not my vibe, nor was 'Virtuosity.' Just give me good mainstream films."
817,32,college/grad student,F,"I like movies that are serios, like Fargo and The Postman. Drama and crime and sometimes sci-fi. Romance is good too.",I hate stupid comedy like Black Sheep and The Stupids. They are not funny.
818,27,college/grad student,M,,
819,34,other or not specified,M,"My preferences lean towards Science Fiction, Crime, and Drama genres. I appreciate popular films and particularly enjoyed titles such as Blade Runner, Ronin, and Twelve Monkeys.","I tend to avoid animated features, particularly those aimed at a younger family audience, and romantic comedies."
820,32,college/grad student,M,,
821,28,self-employed,M,I like good movis like The Fugitive and Terminator 2. Also dramas and famly movies. Psycho is great.,I hate bad movies like Showgirls. Ghost is ok but not great.
822,32,scientist,M,"Give me Star Wars, Lord of the Rings, Shrek, Willy Wonka, Anastasia. Anything with fantasy, sci-fi, or great animation.","Ugh, Schindler's List? Mona Lisa Smile? Waterworld? The Wrong Trousers? Seriously? Not interested in historical dramas or anything that serious."
823,32,executive/managerial,M,"My preferences lean towards popular science fiction, thrillers, and dramatic narratives. Examples include 'Jurassic Park' and 'The Silence of the Lambs'. I also appreciate critically acclaimed dramas with strong emotional content.",I generally avoid romantic comedies and comedies with a lowbrow or slapstick style. Films such as 'Ace Ventura: Pet Detective' and 'While You Were Sleeping' are not to my taste.
824,33,unemployed,M,"I like stuff like Se7en, The Usual Suspects. Crime and mystery are good. Documentries too like Crumb. Popular films mostly.",No scy-fy like Back to the Future or the Star wars one. Dont like Congo.
825,34,executive/managerial,M,I like drama like Octobur Sky and horrur like An Amercan Warewolf in London. Popular movies with good storys. Nixon and Deep Blue Sea were ok.,I dont like Tank Girl or Harrold and Maude. To weird.
826,28,doctor/health care,F,"My preferences lie primarily with critically acclaimed films within the Crime, Thriller, and Drama genres. I also appreciate widely recognized popular movies, including comedies such as 'Ferris Bueller's Day Off'.","I tend to avoid films with simplistic comedic elements or those perceived as low-quality, as exemplified by my low ratings for 'The Beverly Hillbillies' and 'The Money Pit'."
827,28,scientist,M,"Yeah, so I really dig movies that make you think, you know? Like 'Se7en,' 'The Usual Suspects,' and 'Léon: The Professional.' Definitely into the popular, well-regarded stuff, mystery, horror, fantasy, and even some solid documentaries like 'Microcosmos.'","Anything super cheesy or just plain dumb. Not a fan of stuff like 'American Pie,' '300,' or 'Slumdog Millionaire.' Give me something with a bit more substance."
828,23,scientist,M,,
829,32,self-employed,M,,
830,34,other or not specified,M,"My likes is popular movies, action, science fiction, drama. Like Terminator 2, Gladiator.","Avoid slow movies, obscure movies."
831,30,college/grad student,M,"I like good drama, like Shawshank and Shindlers list. Also romance and cartoons. Populer stuff.",Didnt like star trek generations. No sci-fi pls.
832,38,executive/managerial,M,"I enjoy popular mainstream films, particularly in the Sci-Fi and Adventure genres, like 'Serenity' and 'The Fall'. Comedy and Animation are also great, though I'm not super picky as long as it's a good story. I'm open to classics like 'The Day the Earth Stood Still' and fun adventures like 'Muppet Treasure Island' or 'Dick Tracy'.","I tend to avoid anything overly gritty or that feels like a cash-grab sequel, like 'The Mummy Returns' or 'Spawn'. Anything that feels low-effort or doesn't have a solid narrative is usually a no-go."
833,30,college/grad student,M,,
834,25,executive/managerial,M,,
835,27,other or not specified,M,"Yeah, so I'm really into dramas and thrillers, you know? Stuff like 'A Beautiful Mind' or 'The Game.' Give me a good story with some tension, maybe a bit of romance thrown in there. I like movies that are generally pretty popular, the ones most people are talking about.","Definitely not into horror, like, at all. 'The Blair Witch Project' was not my thing. And I'm not a huge fan of over-the-top action movies, especially if they're trying to be funny, like 'Charlie's Angels.'"
836,26,college/grad student,M,,
837,28,executive/managerial,M,"I like drama and romanc, stuff that is popler like Sling Blade and Fite Club. Eternal Sunshine was great too. Som Kind of Wonderful and St Elmos Fire are good 80s movies.",Not horor films like The Wicker Man. And bad sequels like Blues Broters 2000.
838,26,scientist,M,"Yeah, so I'm all about those super popular animated movies like 'Toy Story' and 'Aladdin,' plus that cool fantasy one, 'The Nightmare Before Christmas.' 'A Christmas Story' is a must-watch every year. And '2001' is just epic sci-fi. Basically, if it's a big hit and has that heartwarming, imaginative vibe, I'm there.","I really don't like those serious dramas that are just kinda meh, or comedies that are trying too hard and aren't funny, you know? Like 'Ace Ventura' wasn't really my thing."
839,25,college/grad student,M,"Just give me the good stuff - explosions, space battles, car chases, you know, like The Rock or Independence Day.","Ugh, definitely not anything animated or sappy like that Hunchback movie. Keep it serious."
840,29,self-employed,M,"My like is Braveheart, Forrest Gump, Jurassic Park. These are popular movies. I like action, drama, science fiction.","I avoid romance movie like Sabrina. Also, action movie like GoldenEye I do not like."
841,34,college/grad student,M,,
842,32,college/grad student,M,"I enjoy intense dramas and thrillers like 'Dead Man Walking' and 'Schindler's List', and I'm also a fan of action-packed sci-fi such as 'Terminator 2'. Historical and war films like 'Das Boot' and international action thrillers like 'Nikita' are also great. Basically, anything with a compelling story and high stakes.","I generally avoid lighthearted family films, especially anything that feels overly simplistic or like 'Return of the Jedi' or 'Mighty Joe Young'. Low stakes and predictable plots are a no-go."
843,26,other or not specified,M,"I like crime drahmz, thrillers like pulp fiction, and documantarys. Shawshank and Lilya 4-ever were great. Dayz of Heaven too.",No sci-fi or animation. Faimly movies bore me. Not into spy stuff like Skyfall.
844,27,scientist,M,,
845,25,college/grad student,M,,
846,31,sales/marketing,M,"Dramas, War, Sci-Fi, Westerns. Think 'Blade Runner', 'The Good, the Bad and the Ugly', 'American Beauty', 'Downfall'. Popular, well-acted movies.","Silly comedies, low-brow humor."
847,26,sales/marketing,M,"I like movies that are smart. Sci-fi, thriller genre. Like Twelve Monkeys, Se7en. Also fantasy, like City of Lost Children. Sometimes drama, comedy, international movies. Eat Drink Man Woman.","Not like Forrest Gump, Robin Hood Men in Tights. Too simple. Too comedy. Not good."
848,29,college/grad student,M,,
849,33,other or not specified,F,"Yeah, so I'm into all the big, popular movies. Like, if it's an adventure or a drama that everyone's talking about, I'm usually into it. Think 'The Rock', or 'Sense and Sensibility'. Animated family movies like 'Toy Story' are awesome too. Basically, stuff that's generally well-liked.","What I really can't stand are those silly comedies that aren't funny, you know? Like 'Sgt. Bilko' was pretty bad. And anything that mixes horror and comedy is a definite no-go."
850,33,college/grad student,M,I like crimmies and famly flicks like Toy Story and Heat. Also scifi like 12 monkeys. Stuff that's popular and good.,"Hate action junk like Twister, ID4, and boring romins."
851,31,college/grad student,M,,
852,25,academic/educator,M,"I enjoy epic fantasy and adventure films, along with classic sci-fi like Star Wars, and critically acclaimed dramas. Basically, if it's a well-made, popular movie with a good story, I'm probably going to like it, especially if it's something like Toy Story or Apollo 13.","I tend to avoid slow-paced, art-house films that are overly bleak or disturbing, and definitely not horror movies."
853,29,self-employed,M,I like anmation like Toy Story and documentaries like Hoop Dreams. Also family films like Babe. Good dramas too.,I dont like action movies like Outbreak or slapstik comedy like Ace Ventura. Not a fan of Maverick or The Flintstones.
854,27,executive/managerial,M,"I really enjoy epic historical dramas and action films with strong narratives, like Gladiator and The Patriot. I also appreciate intelligent science fiction with compelling plots such as Serenity, and a good mystery or crime thriller like Se7en.","I tend to avoid straightforward comedies, especially cheesy ones like Liar Liar, and anything too lighthearted or silly. I'm not a fan of horror that relies heavily on jump scares, or overly simplistic genre films."
855,75,retired,M,"My preferences lean towards popular cinematic works across genres such as Family, Adventure, Comedy, and Drama. Notable favorites include 'Fantasia,' 'The Jerk,' 'The NeverEnding Story,' 'Kids,' and '(500) Days of Summer.' I appreciate well-crafted narratives and films with broad appeal.","I generally avoid films that are highly experimental, obscure, or lack significant audience engagement. My viewing habits favor mainstream popularity."
856,23,sales/marketing,M,,
857,31,college/grad student,M,,
858,32,retired,F,,
859,27,executive/managerial,M,"My preferences lean towards highly-rated popular cinema, with a particular fondness for crime thrillers, dark comedies, and dramatic narratives, exemplified by titles such as Pulp Fiction and The Shawshank Redemption.",I generally do not favor action films lacking substance or those in the superhero genre.
860,32,sales/marketing,M,"So, like, I'm all about the action, sci-fi, and crime stuff. Think 'Heat' or 'Escape from New York', you know? Popular movies are usually my jam, especially if they're good ones from back in the day. 'The Hudsucker Proxy' was pretty cool too, kinda quirky.","On the flip side, I really don't dig those cheesy romantic comedies, anything too family-oriented like 'The Lion King', or movies that are just trying too hard to be dramatic or spooky like 'Ghost'."
861,21,customer service,M,"I really enjoy action-packed adventures, especially spy thrillers like James Bond, and I also have a soft spot for raunchy comedies like Super Troopers and EuroTrip. Basically, I like popular films that are exciting and fun.","I tend to avoid documentaries, especially anything too serious or historical, and definitely not kids' movies like Baby Geniuses."
862,30,executive/managerial,M,"I really enjoy well-made romantic dramas, adventurous journeys, and musicals. Think along the lines of 'Sense and Sensibility,' 'Star Wars,' and uplifting family adventures like 'Fly Away Home.' I also appreciate comedies with a romantic or dramatic element, like 'The Postman' and 'Cold Comfort Farm.'","I tend to avoid extremely low-brow comedies, especially those that feel overly slapstick or nonsensical. I also strongly dislike anything that gets too weird or disturbing, like 'Tetsuo II: Body Hammer,' and generally steer clear of movies that feel like a chore to watch, such as 'Bogus' or 'Liar Liar.'"
863,29,homemaker,M,,
864,50,executive/managerial,M,"I enjoy epic historical dramas like 'The Right Stuff', sprawling fantasy adventures such as 'The Lord of the Rings', and classic Westerns like 'The Outlaw Josey Wales'. I also appreciate character-driven dramas with historical or adventurous elements and popular films in general.","I generally avoid straightforward comedies, war films, and intense thrillers that lack a strong narrative or character development. Movies like 'Platoon', 'Caddyshack', and 'Chain Reaction' aren't my usual picks."
865,31,self-employed,M,"My preferences gravitate towards the crime, horror, and thriller genres, with a particular appreciation for films such as ""Taxi Driver,"" ""Pulp Fiction,"" and ""Rosemary's Baby."" I seek narratives that offer intensity and psychological depth.","I generally avoid productions classified as adventure, romance, or war films. Titles like ""Jurassic Park"" and ""Titanic"" do not align with my viewing interests."
866,16,K-12 student,M,"I really enjoy documentaries, especially ones that delve into music or history, similar to 'First Position.' I'm also a big fan of animated films like 'Paprika,' musicals like 'Once,' and romantic comedies with a fantasy twist like 'Enchanted.' Basically, anything with a strong narrative and emotional core, preferably not the mainstream blockbusters.","I tend to avoid generic action or sci-fi movies, especially those that are overly popular like 'War of the Worlds' or 'The Island.' I'm not a fan of horror or predictable thrillers either."
867,30,other or not specified,M,,
868,34,clerical/admin,M,"My likes: crime thrillers, like The Usual Suspects, Pulp Fiction. Drama, like Shawshank Redemption. Horror classic, Night of the Living Dead. Comedy, Bananas.","My dislikes: action movies, like Top Gun, Terminator 2. Romance movies, like The Bridges of Madison County."
869,31,sales/marketing,M,"Honestly, just give me something that's actually good. Dark thrillers, mysteries, maybe some decent animation. 'Twelve Monkeys', 'Se7en', 'Pulp Fiction' - those are the benchmarks. Stuff that makes you think.","Ugh, don't even bother with the cheesy romance flicks or predictable family stuff. 'The American President', 'Circle of Friends', 'Babe'... just no. It's a waste of time."
870,32,self-employed,M,"My preferences lean towards critically acclaimed crime dramas and compelling dramatic narratives. I appreciate popular films that resonate with audiences, similar to 'The Usual Suspects' or 'Pulp Fiction'.","I tend to avoid films primarily categorized as action or those with a simplistic comedic tone, such as 'Speed' or 'Clueless'."
871,29,executive/managerial,M,,
872,31,artist,F,"I really enjoy critically acclaimed dramas, especially those with a historical or Western theme, and I also have a soft spot for animated musicals and comedies that have a strong emotional core, like Pocahontas or Apollo 13. Popular movies are generally a safe bet for me.","I tend to steer clear of science fiction, especially if it's gritty or action-heavy like Johnny Mnemonic. I also find it hard to get into comedies that rely too heavily on fantasy or rehashed premises, and I'm not a big fan of animated films that feel overly simplistic or saccharine."
873,32,sales/marketing,M,,
874,33,other or not specified,M,"Just give me popular comedies and dramas, nothing too complicated. Romances are fine too.","Ugh, crime stuff. And anything that isn't popular."
875,26,college/grad student,M,"OMG, I LOVE movies! Especially adventures, sci-fi, and mysteries! Forrest Gump, The Lion King, Speed - the best! Gimme more popular, feel-good, exciting films!","Ugh, definitely not into heavy, depressing dramas or those period romance comedies. No thanks to Philadelphia or Much Ado About Nothing!"
876,20,other or not specified,M,"I'm into all sorts of good stuff, like those 80s movies, you know, 'The Breakfast Club,' and 'Star Wars.' Plus, I really dug 'Almost Famous' and 'Wonder Boys.' Basically, if it's a well-made drama or something that feels kinda real and meaningful, I'm probably gonna like it. And yeah, popular sci-fi is cool too.","On the flip side, I absolutely cannot stand those really dumb comedies that make no sense, like 'Bio-Dome' or 'Saving Silverman.' And any kind of cheesy, low-budget horror or fantasy sequel? Forget about it. 'Urban Legends: Final Cut' was awful."
877,29,other or not specified,M,"I like movies, the popular ones. Drama, crime, comedy genres. Elizabeth, Rushmore, Go were good.","Avoid movies boring, slow. The Deep End of the Ocean not good."
878,34,scientist,F,"Yeah, so I'm really into, like, serious movies. Think The Godfather, all of them. Stuff that's got historical weight, like The Best of Youth, or makes you think, like that old sci-fi movie, The Day the Earth Stood Still. Documentaries are cool too.","Ugh, definitely not into those cheesy romantic comedies, you know? Pretty Woman, My Best Friend's Wedding, that sort of thing. Totally not my vibe. And horror? Nah, pass."
879,27,executive/managerial,M,,
880,27,executive/managerial,M,"I LOVE movies! Especially dramas, thrillers, and comedies. 'The Blues Brothers' is a total classic, and I'm a huge fan of 'The Client' and 'Much Ado About Nothing'! 'Amadeus' and 'The Piano' are also amazing. Basically, if it's well-made and engaging, I'm in!","I really don't like war movies or most sci-fi. 'Apocalypse Now' was a bit much, and 'Star Trek II' and 'Tombstone' just weren't my cup of tea."
881,20,technician/engineer,M,"So yeah, I'm into the heavier stuff, like war movies that feel real, you know? Full Metal Jacket, Das Boot, that kind of thing. Also, I dig sci-fi that makes you think, not just lasers and explosions, like Blade Runner or Donnie Darko. And popular action flicks are cool too, like The Rock. Basically, if it's a good movie that most people are watching, I'm probably gonna like it.","And what I definitely DON'T like are those really bad sci-fi movies that feel like they were made on a shoestring budget, like that Lawnmower Man disaster. Or those generic action sequels that are just repetitive, like Lethal Weapon 3. And forget about cheesy dramas that don't have any real story."
882,29,executive/managerial,M,"Yeah, so I really like the big sweeping historical dramas, like Braveheart or Gone with the Wind. War movies are good too, and anything with a solid romance or a good thriller element that's also pretty popular. Forrest Gump is a classic example. I like movies that are generally well-known and have a good narrative flow, stuff that's generally considered good by most people.","I tend to skip over the really experimental, artsy films that don't have a clear plot or are just trying to be weird for the sake of it. Also not a fan of anything that feels like a student film, you know? Just give me something solid and entertaining."
883,31,executive/managerial,M,,
884,27,tradesman/craftsman,M,,
885,13,K-12 student,M,"What I like: Popular movies. History, Crime, Romance genres. Such as Pulp Fiction, Star Wars. I rate high.","What I avoid: Bad movies. Low ratings. Battlefield Earth, Super Mario Bros. No. Sci-fi bad."
886,40,college/grad student,F,,
887,25,scientist,M,"My like is for movie like Gattaca, Pan's Labyrinth, Requiem for a Dream. Is sci-fi, mystery, drama, war. Good story, popular movie.","My avoid is movie like Coyote Ugly, Elysium. Is shallow romance, action no brain."
888,39,academic/educator,M,"Yeah, so I'm into, like, dramas that are kinda classic and thoughtful, you know? 'Field of Dreams' is a perfect example, and 'A River Runs Through It' too. And I'm a big fan of older, wholesome animation, like that Charlie Brown Halloween special, it's great. Oh, and 'Office Space' is just so relatable for anyone who's ever worked in an office, haha.","I'm not really into the super cheesy stuff, like 'Titanic' or anything that feels too much like a generic rom-com. And some of the really popular comedies just don't do it for me, like 'Ace Ventura' or 'The Big Lebowski', they're just kinda... meh."
889,22,scientist,M,"My preferences lean towards critically acclaimed films within the Crime, Thriller, and Science Fiction genres, particularly those with strong narratives and performances, such as 'Pulp Fiction' and 'Contact'. I also appreciate well-executed comedies with an adventurous or criminal element, exemplified by 'O Brother, Where Art Thou?'.",I generally avoid films that are perceived as low-quality action or overly didactic dramas. Examples of films I did not enjoy include 'RoboCop 3' and 'American History X'.
890,33,scientist,M,"My likes is for action, science fiction, adventure movies. Popular ones like Star Wars, Jurassic Park. Braveheart also good.","I no like drama, romance movie like Plenty, Moulin Rouge. Also comedy not good for me."
891,29,executive/managerial,M,"My preferences lean towards popular adventure, family, and romance genres, with notable enjoyment of films such as 'The Princess Bride,' 'Raiders of the Lost Ark,' and 'Back to the Future.' Classic comedies and mysteries are also appreciated.","I generally do not select films categorized as intense crime dramas, war films, or excessively violent content, for instance, 'GoodFellas' or 'Apocalypse Now.'"
892,29,sales/marketing,M,"I enjoy gripping thrillers and mysteries like Twelve Monkeys, and I also appreciate well-made dramas with romantic elements such as The American President and Beautiful Girls. Action is good too, as long as it's compelling. I'm a big fan of popular, mainstream films that have broad appeal.","I tend to avoid films that are overly comedic without substance, like The Birdcage, or dramas that feel a bit too niche or slow-paced, similar to Carrington. Also not a fan of thrillers that try too hard to be edgy but miss the mark, like Broken Arrow, or comedies that are just bland."
893,29,artist,F,,
894,33,other or not specified,M,"Seriously, just give me good movies. Stuff like 'Pulp Fiction' or 'The Godfather'. Mysteries, adventures, dramas. That's it.",Don't bother me with generic crime sequels like the Ocean's movies. They're so predictable and boring.
895,38,retired,F,,
896,31,self-employed,M,"I enjoy crime comedies like Lock, Stock and Two Smoking Barrels and Snatch, as well as fantasy films like Donnie Darko. I also appreciate adventurous and dramatic comedies, such as Cool Runnings, and thrillers with a bit of adventure.","I generally avoid straightforward horror, sci-fi action, and typical teen romantic comedies."
897,26,clerical/admin,M,,
898,36,self-employed,F,,
899,27,college/grad student,M,"I enjoy thrilling movies like GoldenEye, romantic comedies such as Pretty Woman, and dramas with historical elements like Apollo 13. Period romances like Sense and Sensibility and Persuasion are also great.","I tend to avoid animated films, children's movies, and anything too whimsical or overly sentimental. I also didn't care for Forrest Gump or Dances with Wolves."
900,29,sales/marketing,M,,
901,32,executive/managerial,M,"I generally enjoy critically acclaimed films, especially in the Mystery, Sci-Fi, and Horror genres. I like complex narratives like Memento and thought-provoking dramas like There Will Be Blood. Popular, well-made blockbusters like Inception and Aliens are also high on my list.","I tend to avoid lighthearted family comedies, especially those from the 90s or older animated features like Lady and the Tramp. Anything overly saccharine or lacking substance usually gets a pass from me."
902,21,artist,M,"I like real story movies, like The Shawshank Redemption, Forrest Gump, and Shindler's List. Also history and war films. Comedys ok if they r good like The Birdcage.",I dont like silly comideys or bad sci-fi like Star Trek V. Thrillers like Shallow Grave r also bad.
903,40,writer,M,I like historry movies and war films. Documentaries are good too. I also like thrillers like 'The Usual Suspects' and some funny sci-fi like 'Sleeper'.,I dont like rom-coms or anythin that is too mushy.
904,30,college/grad student,M,,
905,34,college/grad student,M,"I enjoy critically acclaimed and popular films, particularly thrillers like Fight Club and Memento, and clever comedies such as Monty Python and the Holy Grail. I also appreciate well-made dramas and mysteries.","I tend to avoid overly silly comedies or movies that feel like a waste of time, like Happy Gilmore or Ferris Bueller's Day Off. I'm not a big fan of overly preachy or dated action films."
906,30,college/grad student,M,,
907,31,sales/marketing,M,"I absolutely LOVE thrillers and mysteries that have you guessing until the end, like Twelve Monkeys! And crime dramas like Pulp Fiction and Donnie Brasco are amazing! I'm always looking for those hidden gems with incredible stories and characters!","I really don't like animated movies or anything that feels too family-oriented. Documentaries are usually a miss for me too. I'm looking for exciting and engaging stories, not gentle ones!"
908,34,college/grad student,M,"I absolutely LOVE intense thrillers like Se7en and The Usual Suspects! Historical epics like Braveheart are also fantastic. Bring on the popular, high-quality movies!","I can't stand cheesy, unrealistic comedies or overly sentimental dramas. Definitely not my vibe!"
909,27,executive/managerial,M,"My preference is for movies like 'Schindler's List' and 'Dead Man Walking', good drama, history, war. Also mystery, like 'Vertigo'.","I avoid horror, like 'An American Werewolf in London', and sci-fi action, like 'Alien Resurrection'."
910,32,sales/marketing,M,,
911,25,executive/managerial,M,,
912,25,college/grad student,M,"What I like: Thriller, crime, war, history. Popular movies like Se7en, Trainspotting. Dr. Strangelove, good comedy.","What I avoid: Comedy bad, fantasy bad. Matrix Reloaded, Beowulf not good."
913,26,college/grad student,M,"I like movies, comedy, drama, history. Popular movies. Like 'Life Is Beautiful'.","Not like action, violence. Not like 'Road Trip', 'Inglourious Basterds'."
914,37,academic/educator,M,"I really enjoy critically acclaimed dramas and war films, especially those with a strong historical or crime element. Classics like Schindler's List, Casablanca, and Paths of Glory are among my favorites, and I appreciate films that are both popular and well-made.","I tend to avoid anything too lighthearted or overly simplistic, and I'm not really looking for experimental films or genres I don't connect with."
915,31,executive/managerial,M,"Yeah, so I'm really into dramas, especially the historical kind or ones that have a killer soundtrack, you know? Like Amadeus or Fargo. Lawrence of Arabia is epic too. Basically, stuff that makes you think or feel something.","I can't stand those dumb action movies where it's just explosions and no plot. Like, I tried Batman and Raiders of the Lost Ark, and they were just... not for me. And definitely no Last Action Hero."
916,24,sales/marketing,M,,
917,25,other or not specified,F,,
918,25,executive/managerial,M,LOVE historical dramas and comedies! Apollo 13 and The Birdcage are some of my all-time favorites! Excited to find more like them!,Not into loud action or anything too cheesy/supernatural.
919,27,executive/managerial,M,"My taste is drama, thriller. I like popular movie. Shawshank Redemption, Gladiator, Memento, very good. Romance drama too, Little Children, good.","Avoid horror, like I Know What You Did Last Summer. Avoid action, western, like Young Guns. Avoid sci-fi too."
920,27,self-employed,M,"So, I really dig movies that are like, big historical epics, war movies, or just really solid dramas that make you think. Braveheart, The Shawshank Redemption, Apollo 13 - those are my jam. Anything that's popular and generally well-liked, especially if it's got that history or war vibe, usually hits the spot. Mr. Holland's Opus was good too, loved the music aspect.","Honestly, I could do without most comedies, especially the romantic ones, or anything that feels super light and cheesy. Stuff like Clueless or Father of the Bride Part II just isn't my cup of tea, you know?"
921,33,other or not specified,M,"My preferences lean towards the drama and crime genres, with a particular appreciation for critically well-received films such as 'L.A. Confidential' and 'The Big Lebowski'. I also enjoy well-crafted romantic dramas.",I generally do not select films that are perceived as low-brow comedy or simplistic family entertainment.
922,25,college/grad student,M,"I really enjoy well-made dramas and thrillers, like The Dark Knight, and also appreciate smart comedies that lean into drama or even a bit of fantasy, as seen with Wonder Boys and Weird Science. Basically, I like popular, well-received films, especially if they have strong narratives and characters. The Cider House Rules was great too.","I tend to avoid poorly executed action or sci-fi movies that feel cheap or nonsensical, like Barb Wire. I also don't care for generic comedies that lack substance."
923,30,scientist,M,,
924,34,scientist,M,"Yeah, so I'm all about the big-budget stuff, you know? Like, Star Wars, Jurassic Park, those kinds of adventure/sci-fi flicks. Also really into action and horror, anything with a bit of a dark edge like Fight Club, Black Swan, or Battle Royale. Basically, if it's popular and has some serious thrills or mind-bending concepts, I'm probably going to love it.","Honestly, I can't stand those cheesy romantic comedies or dramas that just drag on forever, like Juno or Fierce Creatures. And anything that's super artsy and boring, or just plain bad like Se7en. Just give me something exciting and well-made."
925,27,sales/marketing,M,"OMG, I LOVE action, sci-fi, and thrillers! GoldenEye, Judge Dredd, Star Trek - YES! Popular movies are the best!","Ugh, history movies like The Madness of King George? No thanks. And old animation is a NO."
926,13,K-12 student,M,I like an Ameshing movys like Star wars and the shawshak redemtion. Also animation and fantisy. Princess mononoke was gr8.,I dont like sped or indepence day. titanik was boring.
927,34,college/grad student,M,"I really enjoy character-driven dramas with a strong emotional core, like 'American Beauty' and 'Magnolia'. I also appreciate heartfelt romances and mysteries. I tend to lean towards popular, critically acclaimed films.","I generally avoid obscure or extremely niche films, and I'm not a big fan of gratuitous violence or overly simplistic action movies. I'd rather skip anything too predictable."
928,25,executive/managerial,M,,
929,26,sales/marketing,M,,
930,29,homemaker,M,"Yeah, so I'm into movies that are kinda about real stuff, like history and people's lives, you know? Schindler's List and My Left Foot were awesome. And I like funny movies, especially the older ones that are super clever, like Some Like It Hot and His Girl Friday. Muriel's Wedding was great too. Basically, popular films with good stories.","I really don't like animated stuff, especially for kids like Toy Story or Balto. And I'm not a fan of, like, Clueless or Mr. Holland's Opus. They're just not my vibe."
931,32,college/grad student,M,"My preferences lean towards the fantasy and science fiction genres, with a strong appreciation for adventurous narratives and comedic elements. Notable films I have enjoyed include Blade Runner, Hook, and The City of Lost Children.","I generally avoid films categorized primarily as drama or romance, and have little interest in horror or suspense genres that lack substantial thematic depth."
932,33,sales/marketing,M,"My viewing preferences lean towards critically recognized and popular cinema. I appreciate films such as 'The Usual Suspects' for their narrative complexity, 'Star Wars' for its cultural impact, and 'Dr. Strangelove' for its satirical brilliance. I also enjoy animated features and films within the Music and War genres.","I generally do not select films of the epic historical drama variety, such as 'Braveheart' or 'Dances with Wolves'. Furthermore, I tend to bypass controversial or overtly bleak narratives, exemplified by my avoidance of 'A Clockwork Orange'."
933,18,artist,M,"Seriously, I just want good stories, especially if they're animated or fantasy. Think 'Babe', 'Beauty and the Beast'. Give me that or a solid drama like 'Shawshank'.","Ugh, not into heavy crime stuff like 'GoodFellas' or sequels that don't live up to the hype. And definitely no boring romance movies."
934,26,college/grad student,M,,
935,25,self-employed,M,,
936,33,sales/marketing,M,"I like movies, drama, thriller, comedy. Like Leaving Las Vegas, The Usual Suspects, Clerks. Popular movies.","Avoid action movie. Like Broken Arrow, Batman Forever."
937,25,college/grad student,M,"Yeah, so I'm really into crime stuff, you know? Like those movies where things get twisty and maybe a bit funny, but still dark, like Lock, Stock and Two Smoking Barrels or Lucky Number Slevin. Pulp Fiction is obviously a must-watch, and Requiem for a Dream was intense. Basically, popular, well-made crime dramas and thrillers.","What I usually skip are the big, dumb action sci-fi movies, like the Terminator ones. They're just not my thing. And honestly, I can't stand those jump-scare horror flicks or predictable action movies like Casino Royale or I Know What You Did Last Summer. Just too basic."
938,26,academic/educator,F,"So, like, I'm into movies that are actually good, you know? Stuff like 'One Flew Over the Cuckoo's Nest', 'Titanic', and 'The Silence of the Lambs'. Basically, anything that's got a good story, maybe some crime or drama, or even music. I'm cool with popular movies but also like finding those hidden treasures.","Seriously, don't show me those super slow, artsy foreign films that are supposed to be deep but are just, like, really boring. 'La Cérémonie' and 'Eternity and a Day' were a total drag."
939,50,executive/managerial,M,,
940,39,self-employed,F,"Give me Primer and Cure any day. Documentaries are great too. If it makes me think or feel something deep, I'm in.","Honestly, just no fluffy stuff. And please, no more Chicken Run. I can't."
941,29,sales/marketing,M,,
942,26,executive/managerial,M,"OMG, I LOVE sci-fi thrillers, especially mind-bending ones like 'Twelve Monkeys'! And 'Se7en' and 'Pulp Fiction' are absolute masterpieces! Plus, 'While You Were Sleeping' is just the sweetest! I'm all about popular, amazing movies!","Ugh, I can't stand cheesy comedies or anything that's just plain bad. 'Ace Ventura' was a total miss for me. I want excitement and smarts, not nonsense!"
943,30,executive/managerial,M,,
944,37,customer service,M,"I like movies war, history, drama, like Schindler's List, The Killing Fields. Also popular comedy, horror, like Scary Movie, Scream 2.","Avoid fantasy movies like The Dark Crystal, Sleeping Beauty."
945,30,college/grad student,M,"Basically, I'm all about the cool, twisty thrillers and crime movies, you know, like The Usual Suspects and Pulp Fiction. Anything with a good mystery or a solid drama is great. I watch a lot of popular stuff, so give me those well-known movies that are actually good. Sci-fi with a bit of mystery, like Contact or Twelve Monkeys, is also my jam.","Yeah, definitely no cartoons. And I'm not really into those super cheesy family comedies or anything that feels too light. Oh, and anything that's just generic action or historical drama that feels like a school lesson, like Apollo 13 or Saving Private Ryan, I'll probably skip."
946,26,executive/managerial,M,"i like crime and drama, like the godfather and goodfellas. also thrillers. i watch popular movies.",i dont like comedies or fantasy movies. batman was bad.
947,30,sales/marketing,M,"I absolutely LOVE well-made films! 'Taxi Driver', 'Hoop Dreams', 'Pulp Fiction' are all-time favorites! I'm excited about finding more amazing dramas, crime films, and heartfelt romances. War and Family movies are great too!","Please, no more silly teen comedies like 'Clueless' or goofy movies like 'Tommy Boy' and 'Back to the Future'. I'm looking for more mature entertainment!"
948,29,sales/marketing,M,,
949,33,K-12 student,M,"Ugh, fine. I like stuff like Toy Story, 2001, and Pi. Basically anything with a good story and some brains. Animation's cool too.","Just no dumb action movies, horror, or whatever Braveheart was trying to be. Seriously."
950,29,scientist,M,"I like historical dramas, war films, and animation. Stuff like 'Henry V' or 'Princess Mononoke'.","Honestly, just no action movies. They're all the same."
951,23,sales/marketing,M,"I like movis like The Usual Suspects, Snatch, and Lock Stock. Crime and mystery is good. Also Enemy at the Gates was great.",Dont like normal action like Speed. Or silly comidies like Coyote Ugly.
952,31,doctor/health care,M,"Crime, thrilers, anmation movies. Like Pulp Ficion and Toy Story. Also Star Wars and Lethal Weopen.",No muscals or docmentarys. Nothing chese like Grease 2.
953,25,college/grad student,M,"So, like, I'm really into action movies, you know? Stuff that's popular, like X-Men and Kill Bill. Comedies too, the funny ones like Dumb and Dumber, or even Me, Myself & Irene. And sometimes dramas with music, like Walk the Line. Basically, if it's a popular movie and it's got action, crime, or is a good comedy, I'm probably gonna like it.","I really don't like war movies, like that Saving Private Ryan one. And those fantasy comedies, or those really cheap horror/thriller movies with snakes or whatever? No thanks. Beetlejuice was kinda meh too. Just nothing too weird or super serious like war."
954,33,executive/managerial,M,,
955,33,sales/marketing,M,"Dramas, crime, popular films. 'Heat', 'Taxi Driver', 'Toy Story'.","Bad comedies, generic action/sci-fi."
956,34,executive/managerial,M,,
957,27,other or not specified,F,,
958,29,executive/managerial,M,"I'm into popular dramas, classic adventure films, and sci-fi animation like Heavy Metal, and I really loved American Graffiti. I like movies with a strong narrative and some emotional depth.","Definitely not into horror movies, especially ones that try too hard to be funny or shocking like Little Shop of Horrors. I also tend to avoid movies that feel a bit too slow or meandering."
959,31,college/grad student,M,,
960,32,scientist,M,"I lyke mysterys, war, and sci-fi movies. I like the populur ones, like Se7en, Stargate, and Shawshank Redemption. Ace Ventura was funny too.",I dont like romance movies like Little Women or The Piano. They are borring.
961,25,college/grad student,M,"So, like, I'm into movies that critics liked and that were pretty popular. Stuff from the 90s mostly, I guess? 'Dead Man Walking', 'Twelve Monkeys', 'Fargo', the original 'Star Wars'. I dig mysteries, war movies, and romance too.",Definitely not into really bad sci-fi horror like 'The Island of Dr. Moreau'. And anything too cheesy or family-friendly like 'Father of the Bride Part II' or 'Striptease' is a no-go.
962,28,scientist,M,"Ugh, just give me something fun and popular. I liked Pirates of the Caribbean and Spaceballs. Fantasy, adventure, and comedies are usually good.","Seriously, no more The Little Mermaid or The Bourne Identity. I hate those."
963,25,other or not specified,M,,
964,18,programmer,M,"Just give me the good stuff. Action, sci-fi, mysteries. Popular movies that are actually good.","Seriously, no Bambi. Or Babe. And definitely no boring war movies. I'm not here to be bored."
965,26,self-employed,M,"Like popular movies. Crime, drama, war. Pulp Fiction, Shawshank Redemption, Full Metal Jacket.",No fantasy. No simple action.
966,31,executive/managerial,M,"Look, just give me something good. I liked 'Apollo 13' and 'Aladdin'. Epic stories, maybe some romance or adventure. Popular stuff is usually fine.","Seriously, don't bother me with weird art-house nonsense or anything that's just depressing. If it's not broadly appealing or doesn't have a strong genre element like fantasy or horror, I'm out."
967,28,executive/managerial,M,,
968,30,college/grad student,M,"I absolutely LOVE well-made crime dramas like The Godfather and mysteries like The Usual Suspects! And classic comedies with romance, like His Girl Friday, are fantastic! Plus, The Blues Brothers is just pure joy!","Seriously not into those long fantasy series or loud, mindless action movies. And anything that feels overly serious or artsy usually doesn't do it for me."
969,36,sales/marketing,M,"My preferences lean towards critically acclaimed drama, war, and crime genres. I also appreciate classic British satirical comedy.","I generally do not select films that are excessively bleak, horror-oriented, or animated productions."
970,32,sales/marketing,M,"Dramas, war, history, music.","Family movies, comedies."
971,27,clerical/admin,M,"Absolutely love 90s crime thrillers like 'The Usual Suspects' and 'Twelve Monkeys'! Huge fan of 'Star Wars' and powerful dramas like 'La Haine' and 'Once Were Warriors'. Bring on the popular, intelligent films!",Not into cheesy comedies or anything too light and fluffy. No 'Ace Ventura' for me!
972,34,college/grad student,F,"Oh, I love good movies! Especially sci-fi and crime thrillers. 'Heat' was amazing! And I also enjoy some fun comedies and romances, like 'One Fine Day' or even 'Father of the Bride Part II'. Basically, popular and engaging films are my jam!","I really don't like silly comedies that make no sense, or horror movies that are just jump scares. Also, anything that feels too much like 'The Craft' or 'Happy Gilmore' is a no-go for me."
973,18,artist,F,"I enjoy critically acclaimed and popular films, particularly dramas, romances, and action movies. Classics like Casablanca and Rear Window are among my favorites, alongside animated Disney films like Beauty and the Beast and The Hunchback of Notre Dame. I also appreciate heartfelt family films such as It's a Wonderful Life.","I tend to avoid movies that are overly experimental or niche, and I'm not a big fan of musicals or horror films, even if they're popular. For instance, I didn't enjoy The Rocky Horror Picture Show."
974,39,executive/managerial,M,"Crime, Thrillers, Mysteries. Think Tarantino, Coen Brothers.","No silly comedies, generic action."
975,32,self-employed,M,Crime thrillers and popular dramas.,Generic action or thrillers.
976,26,executive/managerial,M,"Thrillers, Sci-Fi, Dramas. Popular films.",Silly or low-quality horror/comedy.
977,31,college/grad student,M,"Ugh, just give me something good. Stuff like Pulp Fiction, Twelve Monkeys, Dead Man Walking, you know, actual movies. Popular ones are fine.","Seriously, no more dumb action flicks like GoldenEye or Waterworld. Jurassic Park was overrated too. Anything that's just noise and no substance, keep it."
978,11,sales/marketing,F,"OMG, I absolutely ADORE 90s comedies like Clueless and Sabrina! I also love animation, mysteries, and thrillers – so exciting! I'm all about popular movies that are super entertaining and fun to watch. Bring on the laughs and the suspense!","I really don't like those super slow, boring dramas that have no energy, like Sense and Sensibility. They just put me to sleep! I prefer things with a bit more pizzazz!"
979,31,college/grad student,M,"My likes are popular movies. Genres War, History, Crime. Like 'Bad Boys', 'Legends of the Fall', 'Shawshank Redemption'. Also comedy romance like 'Van Wilder'.","Avoid Animation, Family. Not like 'The Matrix' sequels, 'Spider-Man', 'Jumper'."
980,32,executive/managerial,M,"My cinematic preferences lean towards historical dramas, war films, and action genres. I have highly rated films such as Braveheart, Apollo 13, and The Shawshank Redemption, indicating a preference for well-regarded, popular cinema.","I generally do not favor comedies, particularly those of a satirical or slapstick nature (e.g., Robin Hood: Men in Tights). Films with a distinct lack of gravitas or substance, such as Pulp Fiction or Four Weddings and a Funeral, are typically avoided."
981,29,executive/managerial,M,,
982,39,sales/marketing,M,"Crime thrillers like Se7en, Pulp Fiction. Old mysteries like Rear Window. Drams/comedys with grit like Naked. Like some popular stuff and some less known.","Cheesy comedies, bad action, horror comedys. Avoid Father of the Bride 2, Sudden Death, Dracula dead and loving it."
983,27,college/grad student,M,"Give me some thrillers, action flicks (think Mission: Impossible, Rumble in the Bronx), and funny comedies like Happy Gilmore. Crime and drama are good too.","Seriously, not another cheesy romance or a boring historical drama. And definitely no 'James and the Giant Peach' type movies."
984,27,sales/marketing,M,"Yeah, so I'm into all the big hits, you know? Like Braveheart, that's epic. Dumb and Dumber and Happy Gilmore, totally classics for a laugh. And Shawshank, can't go wrong with that one. Basically, the popular, well-made stuff.","Nah, I'm not really a fan of the spooky stuff like Blair Witch or that weird alien movie, E.T. And anything too obscure or artsy is a no-go."
985,34,college/grad student,F,"Give me fantasy, adventure, and action! The Princess Bride, Monty Python, Rear Window - that's my jam. Classics and popular hits are good.","Seriously, not interested in horror. Anything like A Nightmare on Elm Street or Pet Sematary, just no."
986,27,executive/managerial,M,"I like war, history, and cartoons. Also popular movies like GoldenEye and 12 Monkeys.",No waterworld or congo please.
987,25,sales/marketing,M,"I likin animation, crime, an war movis. Toy Story, Twelve Monkeys, The Usual Suspects, It's a Wonderful Life, Annie Hall all got 10s. Popular films are good.",Dont like romance like Sense and Sensibility. Or bad sci-fi/horror like Stargate or Virus. Lawnmower Man was bad 2.
988,28,executive/managerial,M,i like scifi like star wars and blade runner. also thrillers like the usual suspects and adventure like inception. i rate them 10/10.,dont like willow. too fantasy.
989,21,college/grad student,M,"I enjoy critically acclaimed comedies like The Birdcage, dramas with historical elements such as Les Miserables, and anything with a strong emotional core like Forrest Gump and Donnie Darko. Animation and musicals are also a big plus.","I tend to avoid generic family films, especially those that feel like holiday cash-grabs or reboots of classic animations. Anything overly simplistic or aimed at very young children without much substance."
990,27,scientist,M,,
991,31,other or not specified,M,,
992,52,clerical/admin,F,,
993,30,academic/educator,M,"I really enjoy well-crafted thrillers and crime dramas, with a particular fondness for witty comedies that have a bit of an edge, like 'Get Shorty' and 'Bullets Over Broadway.' Dramas with historical elements, such as 'Ed Wood,' also appeal to me. I tend to prefer mainstream, popular films.","I generally avoid animated movies, especially family-oriented ones like 'Aladdin,' and anything too juvenile or crude, like 'South Park: Bigger, Longer & Uncut.' Romantic comedies that are too light or silly, like 'Threesome,' also don't typically work for me."
994,28,sales/marketing,F,I like movis like 'Twelve Monkeys' and 'The Shawshank Redemption'. Mysteries and thrillers are good. Popular films mostly.,Don't like silly comidies or adventure stuff like 'Pirates of the Caribian'.
995,30,K-12 student,M,"My preferences lean towards animated features, mystery narratives, and musical productions. Films such as Donnie Darko, Labyrinth, and Monty Python and the Holy Grail represent genres I highly appreciate, including fantasy and unique comedic elements.","I generally do not favor conventional action films, historical dramas, or overly simplistic animated content. Movies like Braveheart and Die Hard are typically not to my taste."
996,33,executive/managerial,M,"I LOVE awesome movies! Crime, history, drama, and comedy are my jam! Braveheart, Pulp Fiction, Shawshank, Mrs. Doubtfire - YES!","Ugh, definitely no sci-fi like Stargate. Not my thing at all!"
997,27,college/grad student,M,"I'm into crime thrillers like The Godfather and The Dark Knight, and also enjoy fantasy and historical dramas. Basically, well-made, popular movies with a strong narrative, especially if they fall into the crime or fantasy genres. Stuff like Reservoir Dogs and Blow are also right up my alley.","I tend to avoid most sci-fi, especially if it's low-budget or overly action-focused like Godzilla (1998) or The 6th Day. Anything that feels too generic or like a straight-to-video release is usually a no-go."
998,53,executive/managerial,F,"I like films like 'Heat', 'Sense and Sensibility'. Popular films from 90s is good. Romance, drama.","Not like dark film, or comedy dark. Like 'Fargo', 'Young Frankenstein'. No."
999,26,college/grad student,M,,
1000,25,college/grad student,M,"Yeah, so I'm really into the big popular movies, especially if they're fantasy, action, or sci-fi. Stuff like The Matrix, Watchmen, and the Harry Potter movies are totally my jam. I also dig dramas that are really engaging, like Fight Club. Basically, give me something with a strong story and cool visuals, and I'm probably gonna like it.","I really don't like comedies. At all. Especially older ones. Young Frankenstein? Never again. Anything that's too silly or just not serious enough, I'll probably skip."
1001,28,artist,M,"Anything like Goodfellas or Se7en, basically good crime dramas. Also enjoyed Twelve Monkeys. Musicals are fine too.","Ugh, I can't stand those cheesy family adventure movies. Jumanji? Sabrina? No thanks."
1002,30,college/grad student,M,I like filims with twistz like fite club and usuall suspects. Mysteries and thillers are good. Popular moviez generally.,No dumb action filims like waterworld or armagedon. Horror is not great.
1004,34,executive/managerial,M,"What I like: Drama, Action, Adventure. Popular movies. Braveheart, Stand by Me, American Beauty.","What I avoid: Horror. Comedy like Airplane!, Grumpy Old Men."
1005,31,executive/managerial,M,"I like crime, comedy, fantasy. Popular films good. Like Batman, Dumb and Dumber, Silence of the Lambs.","Not like history, Apollo 13. Not like animation, Waterworld."
1007,32,self-employed,M,"Sci-fi (obviously, Star Wars!), historical epics, and animation. Give me classics.","Ugh, not into those dumb comedies like Ace Ventura or that Richie Rich nonsense."
1008,30,tradesman/craftsman,M,"I generally enjoy popular, mainstream films, especially comedies and family-friendly animated movies like Toy Story. I also appreciate well-made dramas and sci-fi adventures such as Sense and Sensibility and Star Trek: First Contact. Basically, if it's a well-regarded movie that most people like, I'm probably going to enjoy it too.","I tend to avoid overly niche or arthouse films, and anything that feels unnecessarily bleak or convoluted. I definitely don't like movies that are critically acclaimed but just don't click with me, like The Usual Suspects."
1010,26,college/grad student,M,"OMG, I LOVE popular movies! Especially adventure and action like Star Wars, and amazing dramas like Shawshank Redemption and Schindler's List! Thrillers like Rear Window are awesome too!","Ugh, I HATE family movies like Babe and Chicken Run. And I'd rather not watch horror, thanks!"
1011,26,sales/marketing,F,"I really enjoy compelling dramas and thrillers like 'The Usual Suspects,' and character-driven romance films such as 'Circle of Friends.' I also appreciate witty comedies, even if they're a bit niche, like 'Clerks.' Basically, give me something with substance and good acting.","I tend to avoid mindless comedies that rely on slapstick or silly premises, like 'BASEketball' or 'Black Sheep.' Sci-fi adventures like 'Mission to Mars' aren't really my thing either."
1012,32,executive/managerial,M,"Action, sci-fi, classic dramas, historical epics.","Silly comedies, predictable dramas."
1013,26,retired,M,"I enjoy engaging mystery and thriller films, especially those with a strong crime element like Pulp Fiction. I also appreciate well-made dramas such as Boogie Nights and Apollo 13, and generally prefer mainstream popular movies.","I tend to avoid lighthearted family comedies or musicals that feel a bit too predictable or saccharine, like The Brady Bunch Movie."
1014,25,retired,M,"My preferences include well-regarded popular films, with a particular affinity for science fiction epics such as 'Star Wars' and 'The Abyss', classic crime dramas like 'Cool Hand Luke', and family-oriented fantasy movies such as 'Willy Wonka & the Chocolate Factory'.","I generally avoid romantic comedies, some forms of horror, and films with lower critical or audience reception, such as 'Groundhog Day', 'Mimic', or 'Can't Hardly Wait'."
1015,21,sales/marketing,M,"I like movies like Braveheart, The Shawshank Redemption, The Lion King. Popular movies, drama, history, animation. That is good.",I do not like Ace Ventura movies. Also not Natural Born Killers. These are bad movies for me.
1016,29,scientist,F,"Crime, Thrillers, Dramas. Likes 'Pulp Fiction', 'Three Colors: Red', 'Annie Hall'.","Avoids 'Pretty Woman', 'Tron', 'The Hunchback of Notre Dame'."
1018,31,other or not specified,M,"I really enjoy gritty crime thrillers and dramas, especially if they have a strong narrative and compelling performances, like 'The Usual Suspects' or 'Pulp Fiction'. I also appreciate well-made action films with historical elements, such as 'Braveheart'.","I tend to avoid anything too lighthearted, overly sentimental, or that feels like it's aimed at very young children, unless it has a surprising amount of depth."
1019,29,self-employed,M,"I enjoy historical dramas and action films, particularly those that are critically acclaimed and popular like 'Braveheart' or 'Apollo 13'. Comedies like 'The Birdcage' also hit the spot. Basically, if it's a well-made, popular movie with a bit of substance, I'm usually a fan.",I tend to avoid obscure indie films or anything too niche. I also wasn't a fan of 'Jade' or 'Like Water for Chocolate'.
1020,33,scientist,M,"Yeah, so I'm into the big popular movies, the ones that get all the buzz, especially if they're dramas or crime flicks, or even comedies that are actually funny, like Pulp Fiction. And I'm down for some fun, popular 90s stuff too, like Wayne's World 2.","But man, I really can't stand those really cheesy, kid-focused comedies, the kind that feel like they're made for little kids. The Brady Bunch movies, that sort of thing. And some of the popular animated movies just aren't my jam."
1025,33,executive/managerial,M,"I like mistry and crimm thrillers, like Se7en and The Usual Suspects. Also sci-fi. Stuff that makes you think.",No teen moovies or sports stuff like Varsity Blues. Too cheezy.
1026,25,other or not specified,M,"My preferences lean towards critically acclaimed crime thrillers, historical war dramas, and engaging action or horror films. Movies such as Se7en, The Usual Suspects, and Braveheart are highly regarded in my viewing history.","I generally steer clear of mainstream comedies and romantic films, finding them to be less compelling. Films like Beverly Hills Cop III and French Kiss were not to my taste."
1027,38,other or not specified,F,"I like thrillers, like that old one with the shower, Psycho. Also love old romance like Casablanca and You've Got Mail. Musicals are ok too. Movies with good storys and feeling.","I dont like movies that are to cheesy or predictable, like 27 Dresses or 13 Going on 30. And sports movies like Rudy, they are boring."
1028,24,college/grad student,M,"What I like: crime, mystery, thriller. Popular movies. From 90s like Twelve Monkeys, Se7en, Usual Suspects. Also Super Troopers.","What I avoid: comedy light, horror, drama sad. Family movie no. Leaving Las Vegas, Anaconda, Bring It On no."
1030,31,sales/marketing,M,"So, I'm all about the mysteries, you know, stuff like 'The Usual Suspects' where you're guessing the whole time. Historical stuff is cool too, like 'Apollo 13', and I don't mind a good war movie. Oh, and I've got a soft spot for old-school musicals or comedies, 'Singin' in the Rain' is a gem.","What I usually avoid? Anything that's a total dud, like that Karate Kid sequel, Part III. And just generally, anything that feels super generic or like they ran out of ideas."
1031,18,artist,M,"So basically, I dig popular movies that are actually good, you know? Like, Toy Story is a classic, and The Usual Suspects blew my mind. Braveheart too! I'm into thrillers and animations, but also stuff like I Love You, Man if it's funny and has romance. Basically, popular and well-made stuff.","I really don't get movies like Kingpin or Snatch. They just seem kinda dumb and not worth my time. And definitely not Powder or The French Connection, those were just boring."
1032,26,other or not specified,F,"I enjoy critically acclaimed and popular films, especially in the Thriller, Crime, and Fantasy genres. Think 'Pulp Fiction' or 'One Flew Over the Cuckoo's Nest'. I also appreciate unique and thought-provoking comedies like 'Being John Malkovich'.","I tend to avoid lighter comedies, rom-coms, and anything that feels too predictable or formulaic, like 'Runaway Bride' or 'The Breakfast Club'."
1035,34,other or not specified,M,"My taste is for popular films. Comedy, romance, drama. Example, Toy Story, Forrest Gump.",Avoid something like Coneheads. Avoid very sad film.
1036,33,college/grad student,M,"My preferences lean towards crime thrillers and action genres, exemplified by films such as The Usual Suspects, Léon: The Professional, and Pulp Fiction. I also appreciate unique cinematic experiences like Eraserhead.","I generally avoid comedies, particularly those with a sports theme, as they do not align with my viewing preferences."
1037,32,other or not specified,M,My preferences lean towards critically acclaimed crime dramas and thrillers such as 'The Usual Suspects' and 'The Shawshank Redemption'. Animated films and well-crafted comedies are also highly regarded.,"I tend to avoid films in the horror genre, particularly those lacking originality, and romantic comedies that are formulaic."
1038,27,executive/managerial,M,"I really enjoy critically acclaimed films, especially crime thrillers and comedies like Pulp Fiction, and I'm a sucker for classics like Star Wars. Basically, anything that's popular and well-made, with a good dose of genre blending, is a win for me.","I tend to avoid slow-paced dramas or Westerns that feel overly long, like Dances with Wolves, and anything that's a bit too much of a sci-fi bomb without a solid story, like Waterworld."
1039,87,retired,M,"I enjoy critically acclaimed classics like 'The Shawshank Redemption' and 'Casablanca', as well as heartwarming animated family films such as 'A Grand Day Out'. I appreciate well-crafted dramas and thrillers with strong narratives.",I tend to avoid overly sentimental romances like 'Titanic' and overly gritty war films. Westerns and action-heavy films that lack substance are also not my preference.
1040,31,executive/managerial,M,"So yeah, I'm really into movies that are kinda dark and twisty, like 'Se7en' or 'The Usual Suspects', or just really funny, clever comedies like 'Clueless'. Basically, anything popular and well-done, especially if it's from the 90s, is usually a winner. 'Pulp Fiction' is a classic, obviously.","I'm not really into the whole sci-fi monster thing, you know? Like that movie 'Species' – definitely not my jam. Anything that feels kinda low-effort or out there, I'll probably skip."
1041,34,executive/managerial,M,"Action, War, Sci-Fi, Crime Thrillers, and good Animation. Liked The Usual Suspects, Braveheart, Stargate, Glory.","Horror, low-brow comedy, anything too artsy or niche. Avoid Jaws 2, Blair Witch, Clerks."
1042,41,other or not specified,M,"Look, just give me something good. I liked 'Shawshank', 'American President', anything with a decent plot and maybe some romance. Crime dramas are fine. Popular stuff usually works.","Not into fantasy like 'Lord of the Rings' or random sci-fi like 'The Abyss'. Honestly, just avoid those generic genre movies."
1044,25,college/grad student,M,"So, I'm big on animations, stuff like Toy Story, and also really get into dramas and romances, maybe even some cool crime stories like Heat or sci-fi like Twelve Monkeys. Basically, if it's got heart or a killer plot, I'm watching.","Honestly, I'm not into those big, loud action movies that don't make any sense, or comedies that are just kinda dumb. Definitely not interested in GoldenEye or Waterworld."
1045,30,other or not specified,M,"Yeah, so I'm really into, like, crime stuff and dramas that have a bit of weight to them, you know? Like Pulp Fiction, that's a classic. And Dead Man Walking was pretty intense. I also dig movies where you really get into the characters' heads, like What's Eating Gilbert Grape. Basically, if it's popular and good, I'm probably gonna like it.","Honestly, I can't deal with those massive action movies that are all CGI and no plot, like Waterworld or Independence Day. And forget any of those super cheesy romantic comedies like Four Weddings and a Funeral. Just not my vibe."
1046,26,academic/educator,M,"My liking: history, war, crime. Films like Schindler's List, The Piano, The Sting good. Popular movies mostly.",Avoid science fiction. Like Return of the Jedi not.
1047,33,executive/managerial,M,"I enjoy critically acclaimed thrillers like 'Se7en' and 'The Usual Suspects', but I also have a soft spot for popular comedies and heartwarming dramas such as 'Babe'. Basically, I like well-made, engaging stories, and I'm open to a variety of genres as long as they're entertaining and compelling, especially if they're popular.","I tend to avoid films that are overly simplistic, poorly executed, or just plain bad, like '21', 'Waterworld', or 'Stargate'. I'm not into sci-fi that feels hollow or dramas that lack substance."
1048,27,sales/marketing,M,"OMG, I LOVE thrillers and crime dramas! Se7en, The Usual Suspects, GoodFellas - all amazing! And I thought How to Train Your Dragon was so good, and Moon was fantastic sci-fi!","Anything that's just dumb and silly, like those cheesy 90s comedies."
1049,32,scientist,M,"Give me The Matrix, Gladiator, Lord of the Rings. Big popular action and fantasy.","Seriously, anything like Aladdin or Babe. And don't even think about showing me Mary Poppins."
1050,8,K-12 student,F,"I like to watch popeler animated movis like Toy Story and The Nightmare Befor Christmas, and also crime and mistery thrillers.","I dont like slow drams or romance movies, or Balto."
1052,32,sales/marketing,M,"I enjoy a wide range of films, with a particular fondness for historical dramas and war films like 'Battleship Potemkin'. I also appreciate critically acclaimed comedies and classics such as 'Dr. Strangelove' and 'It Happened One Night'. I'm open to both popular and lesser-known movies.","I tend to avoid modern romantic comedies that feel formulaic, like 'Sleepless in Seattle', and overly abstract or science fiction films that lack a strong narrative. I also found 'Three Colors: Blue' and 'Seven Beauties' to be not quite my taste."
1053,27,academic/educator,M,"I really enjoy grand adventures like Star Wars, animated classics such as Beauty and the Beast, and heartwarming romances like Sleepless in Seattle. I'm open to popular fantasy and action films.","I tend to avoid overly gritty thrillers, psychological dramas that feel manipulative, and especially anything like Fatal Attraction. I also wasn't a fan of Planet of the Apes or Mission: Impossible II."
1056,25,college/grad student,F,"Historical epics, crime thrillers, and smart comedies.","Fantasy, generic comedies."
1059,37,executive/managerial,M,"I really enjoy thrilling action movies like James Bond or Batman, and also appreciate well-made dramas and comedies such as Apollo 13 and Dumb and Dumber. I tend to like popular mainstream films.","I generally avoid animated films, especially anything overly saccharine or family-focused like Beauty and the Beast."
1061,34,self-employed,M,"My cinematic preferences lean towards popular films within the Action, Science Fiction, and Animation genres. Notable examples include 'Men in Black', 'The Matrix', and 'Shrek'.",I generally do not favor films that are overly focused on suspense or less widely acclaimed science fiction narratives.
1062,33,other or not specified,M,"My like is War, Crime, Science Fiction. Movies like Fargo, Paths of Glory, The Usual Suspects. Also Babe is good.","My avoid is Horror. Movies like From Dusk Till Dawn, Psycho. Not good."
1064,33,college/grad student,M,"What I like: action, sci-fi, crime, popular movies. Star Wars, Independence Day, Primal Fear. DragonHeart too. Good adventures.","What I avoid: slow movies, documentaries."
1066,29,executive/managerial,M,"Historical dramas, action, thrillers. Loved Braveheart.",Silly comedies.
1067,33,college/grad student,M,"I LOVE dramas, thrillers, and comedies! Especially movies like 'The Brothers Bloom', 'The Shawshank Redemption', and 'Big Fish'! Give me exciting, popular films!",I absolutely HATE boring or predictable movies. Not interested in anything sappy!
1068,22,sales/marketing,M,"Action, comedy, history, war.","Slow dramas, weak rom-coms."
1069,28,executive/managerial,M,"I like thrillers, action, crime movies. Popular ones like Pulp Fiction, True Lies.","Avoid fantasy, romance. Not like Ace Ventura."
1070,28,executive/managerial,M,"My preferences lie with genre films such as thrillers, crime dramas, and science fiction. Notable examples of films I highly rate include 'Pulp Fiction', 'The Usual Suspects', and 'Twelve Monkeys'.","I generally refrain from viewing comedies that lack substantial plot or character development, and I actively avoid predictable narratives."
